annee_scolaire;Ordre_CRE;Nom_CRE;Niveau_scolaire;Sexe;Effectif_eleves
2021/2022;1;Tunis 1;1ère année primaire;Masculin;3238
2021/2022;1;Tunis 1;2ème année primaire;Masculin;3402
2021/2022;1;Tunis 1;3ème année primaire;Masculin;3452
2021/2022;1;Tunis 1;4ème année primaire;Masculin;3580
2021/2022;1;Tunis 1;5ème année primaire;Masculin;3407
2021/2022;1;Tunis 1;6ème année primaire;Masculin;3301
2021/2022;2;Tunis 2;1ère année primaire;Masculin;3400
2021/2022;2;Tunis 2;2ème année primaire;Masculin;3523
2021/2022;2;Tunis 2;3ème année primaire;Masculin;3665
2021/2022;2;Tunis 2;4ème année primaire;Masculin;3701
2021/2022;2;Tunis 2;5ème année primaire;Masculin;3508
2021/2022;2;Tunis 2;6ème année primaire;Masculin;3494
2021/2022;3;Ariana;1ère année primaire;Masculin;4279
2021/2022;3;Ariana;2ème année primaire;Masculin;4293
2021/2022;3;Ariana;3ème année primaire;Masculin;4580
2021/2022;3;Ariana;4ème année primaire;Masculin;4405
2021/2022;3;Ariana;5ème année primaire;Masculin;4272
2021/2022;3;Ariana;6ème année primaire;Masculin;4113
2021/2022;4;Mannouba;1ère année primaire;Masculin;3072
2021/2022;4;Mannouba;2ème année primaire;Masculin;3203
2021/2022;4;Mannouba;3ème année primaire;Masculin;3432
2021/2022;4;Mannouba;4ème année primaire;Masculin;3216
2021/2022;4;Mannouba;5ème année primaire;Masculin;3189
2021/2022;4;Mannouba;6ème année primaire;Masculin;3052
2021/2022;5;Ben Arous;1ère année primaire;Masculin;5300
2021/2022;5;Ben Arous;2ème année primaire;Masculin;5242
2021/2022;5;Ben Arous;3ème année primaire;Masculin;5621
2021/2022;5;Ben Arous;4ème année primaire;Masculin;5501
2021/2022;5;Ben Arous;5ème année primaire;Masculin;5157
2021/2022;5;Ben Arous;6ème année primaire;Masculin;4955
2021/2022;6;Zaghouan;1ère année primaire;Masculin;2094
2021/2022;6;Zaghouan;2ème année primaire;Masculin;2141
2021/2022;6;Zaghouan;3ème année primaire;Masculin;2160
2021/2022;6;Zaghouan;4ème année primaire;Masculin;1911
2021/2022;6;Zaghouan;5ème année primaire;Masculin;1946
2021/2022;6;Zaghouan;6ème année primaire;Masculin;1701
2021/2022;7;Bizerte;1ère année primaire;Masculin;4796
2021/2022;7;Bizerte;2ème année primaire;Masculin;5056
2021/2022;7;Bizerte;3ème année primaire;Masculin;5453
2021/2022;7;Bizerte;4ème année primaire;Masculin;5158
2021/2022;7;Bizerte;5ème année primaire;Masculin;4890
2021/2022;7;Bizerte;6ème année primaire;Masculin;4798
2021/2022;8;Béja;1ère année primaire;Masculin;2677
2021/2022;8;Béja;2ème année primaire;Masculin;2723
2021/2022;8;Béja;3ème année primaire;Masculin;2952
2021/2022;8;Béja;4ème année primaire;Masculin;2769
2021/2022;8;Béja;5ème année primaire;Masculin;2790
2021/2022;8;Béja;6ème année primaire;Masculin;2476
2021/2022;9;Jendouba;1ère année primaire;Masculin;3330
2021/2022;9;Jendouba;2ème année primaire;Masculin;3354
2021/2022;9;Jendouba;3ème année primaire;Masculin;3660
2021/2022;9;Jendouba;4ème année primaire;Masculin;3334
2021/2022;9;Jendouba;5ème année primaire;Masculin;3378
2021/2022;9;Jendouba;6ème année primaire;Masculin;3134
2021/2022;10;Siliana;1ère année primaire;Masculin;2079
2021/2022;10;Siliana;2ème année primaire;Masculin;2256
2021/2022;10;Siliana;3ème année primaire;Masculin;2383
2021/2022;10;Siliana;4ème année primaire;Masculin;2178
2021/2022;10;Siliana;5ème année primaire;Masculin;2117
2021/2022;10;Siliana;6ème année primaire;Masculin;1986
2021/2022;11;Le Kef;1ère année primaire;Masculin;2004
2021/2022;11;Le Kef;2ème année primaire;Masculin;2053
2021/2022;11;Le Kef;3ème année primaire;Masculin;2193
2021/2022;11;Le Kef;4ème année primaire;Masculin;2061
2021/2022;11;Le Kef;5ème année primaire;Masculin;1919
2021/2022;11;Le Kef;6ème année primaire;Masculin;1860
2021/2022;12;Kasserine;1ère année primaire;Masculin;5947
2021/2022;12;Kasserine;2ème année primaire;Masculin;5663
2021/2022;12;Kasserine;3ème année primaire;Masculin;5629
2021/2022;12;Kasserine;4ème année primaire;Masculin;5040
2021/2022;12;Kasserine;5ème année primaire;Masculin;4795
2021/2022;12;Kasserine;6ème année primaire;Masculin;4024
2021/2022;13;Sidi Bouzid;1ère année primaire;Masculin;5111
2021/2022;13;Sidi Bouzid;2ème année primaire;Masculin;5062
2021/2022;13;Sidi Bouzid;3ème année primaire;Masculin;5194
2021/2022;13;Sidi Bouzid;4ème année primaire;Masculin;4575
2021/2022;13;Sidi Bouzid;5ème année primaire;Masculin;4442
2021/2022;13;Sidi Bouzid;6ème année primaire;Masculin;3885
2021/2022;14;Gafsa;1ère année primaire;Masculin;3662
2021/2022;14;Gafsa;2ème année primaire;Masculin;3753
2021/2022;14;Gafsa;3ème année primaire;Masculin;3806
2021/2022;14;Gafsa;4ème année primaire;Masculin;3506
2021/2022;14;Gafsa;5ème année primaire;Masculin;3161
2021/2022;14;Gafsa;6ème année primaire;Masculin;3019
2021/2022;15;Tozeur;1ère année primaire;Masculin;1145
2021/2022;15;Tozeur;2ème année primaire;Masculin;1098
2021/2022;15;Tozeur;3ème année primaire;Masculin;1159
2021/2022;15;Tozeur;4ème année primaire;Masculin;1060
2021/2022;15;Tozeur;5ème année primaire;Masculin;1112
2021/2022;15;Tozeur;6ème année primaire;Masculin;972
2021/2022;16;Kébili;1ère année primaire;Masculin;1806
2021/2022;16;Kébili;2ème année primaire;Masculin;1760
2021/2022;16;Kébili;3ème année primaire;Masculin;1814
2021/2022;16;Kébili;4ème année primaire;Masculin;1651
2021/2022;16;Kébili;5ème année primaire;Masculin;1798
2021/2022;16;Kébili;6ème année primaire;Masculin;1492
2021/2022;17;Tataouine;1ère année primaire;Masculin;1684
2021/2022;17;Tataouine;2ème année primaire;Masculin;1590
2021/2022;17;Tataouine;3ème année primaire;Masculin;1697
2021/2022;17;Tataouine;4ème année primaire;Masculin;1576
2021/2022;17;Tataouine;5ème année primaire;Masculin;1581
2021/2022;17;Tataouine;6ème année primaire;Masculin;1333
2021/2022;18;Médenine;1ère année primaire;Masculin;5256
2021/2022;18;Médenine;2ème année primaire;Masculin;5370
2021/2022;18;Médenine;3ème année primaire;Masculin;5549
2021/2022;18;Médenine;4ème année primaire;Masculin;5161
2021/2022;18;Médenine;5ème année primaire;Masculin;5133
2021/2022;18;Médenine;6ème année primaire;Masculin;4560
2021/2022;19;Gabès;1ère année primaire;Masculin;4165
2021/2022;19;Gabès;2ème année primaire;Masculin;4168
2021/2022;19;Gabès;3ème année primaire;Masculin;4201
2021/2022;19;Gabès;4ème année primaire;Masculin;3788
2021/2022;19;Gabès;5ème année primaire;Masculin;3781
2021/2022;19;Gabès;6ème année primaire;Masculin;3437
2021/2022;20;Sfax 1;1ère année primaire;Masculin;4794
2021/2022;20;Sfax 1;2ème année primaire;Masculin;4990
2021/2022;20;Sfax 1;3ème année primaire;Masculin;5000
2021/2022;20;Sfax 1;4ème année primaire;Masculin;4699
2021/2022;20;Sfax 1;5ème année primaire;Masculin;4588
2021/2022;20;Sfax 1;6ème année primaire;Masculin;4170
2021/2022;21;Sfax 2;1ère année primaire;Masculin;5319
2021/2022;21;Sfax 2;2ème année primaire;Masculin;5672
2021/2022;21;Sfax 2;3ème année primaire;Masculin;5663
2021/2022;21;Sfax 2;4ème année primaire;Masculin;5115
2021/2022;21;Sfax 2;5ème année primaire;Masculin;5117
2021/2022;21;Sfax 2;6ème année primaire;Masculin;4518
2021/2022;22;Mahdia;1ère année primaire;Masculin;5008
2021/2022;22;Mahdia;2ème année primaire;Masculin;5027
2021/2022;22;Mahdia;3ème année primaire;Masculin;5336
2021/2022;22;Mahdia;4ème année primaire;Masculin;4818
2021/2022;22;Mahdia;5ème année primaire;Masculin;4525
2021/2022;22;Mahdia;6ème année primaire;Masculin;3891
2021/2022;23;Kairouan;1ère année primaire;Masculin;6883
2021/2022;23;Kairouan;2ème année primaire;Masculin;6859
2021/2022;23;Kairouan;3ème année primaire;Masculin;7095
2021/2022;23;Kairouan;4ème année primaire;Masculin;6363
2021/2022;23;Kairouan;5ème année primaire;Masculin;5814
2021/2022;23;Kairouan;6ème année primaire;Masculin;5137
2021/2022;24;Monastir;1ère année primaire;Masculin;5469
2021/2022;24;Monastir;2ème année primaire;Masculin;5648
2021/2022;24;Monastir;3ème année primaire;Masculin;5962
2021/2022;24;Monastir;4ème année primaire;Masculin;5634
2021/2022;24;Monastir;5ème année primaire;Masculin;5596
2021/2022;24;Monastir;6ème année primaire;Masculin;4948
2021/2022;25;Sousse;1ère année primaire;Masculin;6412
2021/2022;25;Sousse;2ème année primaire;Masculin;6645
2021/2022;25;Sousse;3ème année primaire;Masculin;7104
2021/2022;25;Sousse;4ème année primaire;Masculin;6521
2021/2022;25;Sousse;5ème année primaire;Masculin;6561
2021/2022;25;Sousse;6ème année primaire;Masculin;5730
2021/2022;26;Nabeul;1ère année primaire;Masculin;7731
2021/2022;26;Nabeul;2ème année primaire;Masculin;7880
2021/2022;26;Nabeul;3ème année primaire;Masculin;8208
2021/2022;26;Nabeul;4ème année primaire;Masculin;7964
2021/2022;26;Nabeul;5ème année primaire;Masculin;7759
2021/2022;26;Nabeul;6ème année primaire;Masculin;7045
2021/2022;1;Tunis 1;1ère année primaire;Feminin;3063
2021/2022;1;Tunis 1;2ème année primaire;Feminin;3049
2021/2022;1;Tunis 1;3ème année primaire;Feminin;3325
2021/2022;1;Tunis 1;4ème année primaire;Feminin;3278
2021/2022;1;Tunis 1;5ème année primaire;Feminin;3219
2021/2022;1;Tunis 1;6ème année primaire;Feminin;3112
2021/2022;2;Tunis 2;1ère année primaire;Feminin;3313
2021/2022;2;Tunis 2;2ème année primaire;Feminin;3305
2021/2022;2;Tunis 2;3ème année primaire;Feminin;3536
2021/2022;2;Tunis 2;4ème année primaire;Feminin;3433
2021/2022;2;Tunis 2;5ème année primaire;Feminin;3299
2021/2022;2;Tunis 2;6ème année primaire;Feminin;3341
2021/2022;3;Ariana;1ère année primaire;Feminin;4033
2021/2022;3;Ariana;2ème année primaire;Feminin;3984
2021/2022;3;Ariana;3ème année primaire;Feminin;4222
2021/2022;3;Ariana;4ème année primaire;Feminin;4156
2021/2022;3;Ariana;5ème année primaire;Feminin;4060
2021/2022;3;Ariana;6ème année primaire;Feminin;3967
2021/2022;4;Mannouba;1ère année primaire;Feminin;2850
2021/2022;4;Mannouba;2ème année primaire;Feminin;2956
2021/2022;4;Mannouba;3ème année primaire;Feminin;3097
2021/2022;4;Mannouba;4ème année primaire;Feminin;3015
2021/2022;4;Mannouba;5ème année primaire;Feminin;2903
2021/2022;4;Mannouba;6ème année primaire;Feminin;2958
2021/2022;5;Ben Arous;1ère année primaire;Feminin;4923
2021/2022;5;Ben Arous;2ème année primaire;Feminin;5034
2021/2022;5;Ben Arous;3ème année primaire;Feminin;5262
2021/2022;5;Ben Arous;4ème année primaire;Feminin;5139
2021/2022;5;Ben Arous;5ème année primaire;Feminin;4893
2021/2022;5;Ben Arous;6ème année primaire;Feminin;4778
2021/2022;6;Zaghouan;1ère année primaire;Feminin;1939
2021/2022;6;Zaghouan;2ème année primaire;Feminin;1884
2021/2022;6;Zaghouan;3ème année primaire;Feminin;1985
2021/2022;6;Zaghouan;4ème année primaire;Feminin;1856
2021/2022;6;Zaghouan;5ème année primaire;Feminin;1741
2021/2022;6;Zaghouan;6ème année primaire;Feminin;1581
2021/2022;7;Bizerte;1ère année primaire;Feminin;4606
2021/2022;7;Bizerte;2ème année primaire;Feminin;4798
2021/2022;7;Bizerte;3ème année primaire;Feminin;4969
2021/2022;7;Bizerte;4ème année primaire;Feminin;4767
2021/2022;7;Bizerte;5ème année primaire;Feminin;4546
2021/2022;7;Bizerte;6ème année primaire;Feminin;4421
2021/2022;8;Béja;1ère année primaire;Feminin;2517
2021/2022;8;Béja;2ème année primaire;Feminin;2585
2021/2022;8;Béja;3ème année primaire;Feminin;2655
2021/2022;8;Béja;4ème année primaire;Feminin;2513
2021/2022;8;Béja;5ème année primaire;Feminin;2379
2021/2022;8;Béja;6ème année primaire;Feminin;2331
2021/2022;9;Jendouba;1ère année primaire;Feminin;3158
2021/2022;9;Jendouba;2ème année primaire;Feminin;3164
2021/2022;9;Jendouba;3ème année primaire;Feminin;3242
2021/2022;9;Jendouba;4ème année primaire;Feminin;3027
2021/2022;9;Jendouba;5ème année primaire;Feminin;3011
2021/2022;9;Jendouba;6ème année primaire;Feminin;2924
2021/2022;10;Siliana;1ère année primaire;Feminin;1988
2021/2022;10;Siliana;2ème année primaire;Feminin;2044
2021/2022;10;Siliana;3ème année primaire;Feminin;2036
2021/2022;10;Siliana;4ème année primaire;Feminin;1959
2021/2022;10;Siliana;5ème année primaire;Feminin;1837
2021/2022;10;Siliana;6ème année primaire;Feminin;1902
2021/2022;11;Le Kef;1ère année primaire;Feminin;1953
2021/2022;11;Le Kef;2ème année primaire;Feminin;1881
2021/2022;11;Le Kef;3ème année primaire;Feminin;1947
2021/2022;11;Le Kef;4ème année primaire;Feminin;1834
2021/2022;11;Le Kef;5ème année primaire;Feminin;1759
2021/2022;11;Le Kef;6ème année primaire;Feminin;1680
2021/2022;12;Kasserine;1ère année primaire;Feminin;5300
2021/2022;12;Kasserine;2ème année primaire;Feminin;5183
2021/2022;12;Kasserine;3ème année primaire;Feminin;5175
2021/2022;12;Kasserine;4ème année primaire;Feminin;4584
2021/2022;12;Kasserine;5ème année primaire;Feminin;4419
2021/2022;12;Kasserine;6ème année primaire;Feminin;4044
2021/2022;13;Sidi Bouzid;1ère année primaire;Feminin;4732
2021/2022;13;Sidi Bouzid;2ème année primaire;Feminin;4658
2021/2022;13;Sidi Bouzid;3ème année primaire;Feminin;4681
2021/2022;13;Sidi Bouzid;4ème année primaire;Feminin;4324
2021/2022;13;Sidi Bouzid;5ème année primaire;Feminin;4131
2021/2022;13;Sidi Bouzid;6ème année primaire;Feminin;3719
2021/2022;14;Gafsa;1ère année primaire;Feminin;3380
2021/2022;14;Gafsa;2ème année primaire;Feminin;3500
2021/2022;14;Gafsa;3ème année primaire;Feminin;3283
2021/2022;14;Gafsa;4ème année primaire;Feminin;3085
2021/2022;14;Gafsa;5ème année primaire;Feminin;3017
2021/2022;14;Gafsa;6ème année primaire;Feminin;2875
2021/2022;15;Tozeur;1ère année primaire;Feminin;1016
2021/2022;15;Tozeur;2ème année primaire;Feminin;1103
2021/2022;15;Tozeur;3ème année primaire;Feminin;1004
2021/2022;15;Tozeur;4ème année primaire;Feminin;1002
2021/2022;15;Tozeur;5ème année primaire;Feminin;989
2021/2022;15;Tozeur;6ème année primaire;Feminin;907
2021/2022;16;Kébili;1ère année primaire;Feminin;1732
2021/2022;16;Kébili;2ème année primaire;Feminin;1729
2021/2022;16;Kébili;3ème année primaire;Feminin;1704
2021/2022;16;Kébili;4ème année primaire;Feminin;1661
2021/2022;16;Kébili;5ème année primaire;Feminin;1519
2021/2022;16;Kébili;6ème année primaire;Feminin;1410
2021/2022;17;Tataouine;1ère année primaire;Feminin;1553
2021/2022;17;Tataouine;2ème année primaire;Feminin;1529
2021/2022;17;Tataouine;3ème année primaire;Feminin;1423
2021/2022;17;Tataouine;4ème année primaire;Feminin;1475
2021/2022;17;Tataouine;5ème année primaire;Feminin;1383
2021/2022;17;Tataouine;6ème année primaire;Feminin;1338
2021/2022;18;Médenine;1ère année primaire;Feminin;4976
2021/2022;18;Médenine;2ème année primaire;Feminin;5090
2021/2022;18;Médenine;3ème année primaire;Feminin;4918
2021/2022;18;Médenine;4ème année primaire;Feminin;4718
2021/2022;18;Médenine;5ème année primaire;Feminin;4664
2021/2022;18;Médenine;6ème année primaire;Feminin;4498
2021/2022;19;Gabès;1ère année primaire;Feminin;3867
2021/2022;19;Gabès;2ème année primaire;Feminin;3837
2021/2022;19;Gabès;3ème année primaire;Feminin;3758
2021/2022;19;Gabès;4ème année primaire;Feminin;3498
2021/2022;19;Gabès;5ème année primaire;Feminin;3445
2021/2022;19;Gabès;6ème année primaire;Feminin;3267
2021/2022;20;Sfax 1;1ère année primaire;Feminin;4424
2021/2022;20;Sfax 1;2ème année primaire;Feminin;4639
2021/2022;20;Sfax 1;3ème année primaire;Feminin;4513
2021/2022;20;Sfax 1;4ème année primaire;Feminin;4344
2021/2022;20;Sfax 1;5ème année primaire;Feminin;4290
2021/2022;20;Sfax 1;6ème année primaire;Feminin;3882
2021/2022;21;Sfax 2;1ère année primaire;Feminin;4882
2021/2022;21;Sfax 2;2ème année primaire;Feminin;5039
2021/2022;21;Sfax 2;3ème année primaire;Feminin;4978
2021/2022;21;Sfax 2;4ème année primaire;Feminin;4751
2021/2022;21;Sfax 2;5ème année primaire;Feminin;4814
2021/2022;21;Sfax 2;6ème année primaire;Feminin;4341
2021/2022;22;Mahdia;1ère année primaire;Feminin;4457
2021/2022;22;Mahdia;2ème année primaire;Feminin;4549
2021/2022;22;Mahdia;3ème année primaire;Feminin;4677
2021/2022;22;Mahdia;4ème année primaire;Feminin;4319
2021/2022;22;Mahdia;5ème année primaire;Feminin;4170
2021/2022;22;Mahdia;6ème année primaire;Feminin;3901
2021/2022;23;Kairouan;1ère année primaire;Feminin;6155
2021/2022;23;Kairouan;2ème année primaire;Feminin;6199
2021/2022;23;Kairouan;3ème année primaire;Feminin;6297
2021/2022;23;Kairouan;4ème année primaire;Feminin;5735
2021/2022;23;Kairouan;5ème année primaire;Feminin;5316
2021/2022;23;Kairouan;6ème année primaire;Feminin;4872
2021/2022;24;Monastir;1ère année primaire;Feminin;5016
2021/2022;24;Monastir;2ème année primaire;Feminin;5207
2021/2022;24;Monastir;3ème année primaire;Feminin;5281
2021/2022;24;Monastir;4ème année primaire;Feminin;5077
2021/2022;24;Monastir;5ème année primaire;Feminin;5019
2021/2022;24;Monastir;6ème année primaire;Feminin;4626
2021/2022;25;Sousse;1ère année primaire;Feminin;6011
2021/2022;25;Sousse;2ème année primaire;Feminin;6185
2021/2022;25;Sousse;3ème année primaire;Feminin;6280
2021/2022;25;Sousse;4ème année primaire;Feminin;6115
2021/2022;25;Sousse;5ème année primaire;Feminin;6013
2021/2022;25;Sousse;6ème année primaire;Feminin;5472
2021/2022;26;Nabeul;1ère année primaire;Feminin;6918
2021/2022;26;Nabeul;2ème année primaire;Feminin;7265
2021/2022;26;Nabeul;3ème année primaire;Feminin;7517
2021/2022;26;Nabeul;4ème année primaire;Feminin;7384
2021/2022;26;Nabeul;5ème année primaire;Feminin;7095
2021/2022;26;Nabeul;6ème année primaire;Feminin;6691
2021/2022;1;Tunis 1;7ème année de base;Masculin;4569
2021/2022;1;Tunis 1;8ème année de base;Masculin;3401
2021/2022;1;Tunis 1;9ème année de base;Masculin;3083
2021/2022;1;Tunis 1;1ère année secondaire Tronc commun;Masculin;3080
2021/2022;1;Tunis 1;1ère année secondaire Sport;Masculin;61
2021/2022;1;Tunis 1;2ème année secondaire Lettres;Masculin;109
2021/2022;1;Tunis 1;2ème année secondaire Sciences;Masculin;878
2021/2022;1;Tunis 1;2ème année secondaire Technologie informatique;Masculin;581
2021/2022;1;Tunis 1;2ème année secondaire Economie et services;Masculin;742
2021/2022;1;Tunis 1;2ème année secondaire Sport;Masculin;56
2021/2022;1;Tunis 1;3ème année secondaire Lettres;Masculin;108
2021/2022;1;Tunis 1;3ème année secondaire Mathématiques;Masculin;352
2021/2022;1;Tunis 1;3ème année secondaire Sc. Expérimentales;Masculin;291
2021/2022;1;Tunis 1;3ème année secondaire Sc.Techniques;Masculin;214
2021/2022;1;Tunis 1;3ème année secondaire Sc.Informatique;Masculin;353
2021/2022;1;Tunis 1;3ème année secondaire Economie et Gestion;Masculin;769
2021/2022;1;Tunis 1;3ème année secondaire Sport ;Masculin;95
2021/2022;1;Tunis 1;4ème année secondaire Lettres;Masculin;120
2021/2022;1;Tunis 1;4ème année secondaire Mathématiques;Masculin;324
2021/2022;1;Tunis 1;4ème année secondaire Sc. Expérimentales;Masculin;342
2021/2022;1;Tunis 1;4ème année secondaire Sc.Techniques;Masculin;211
2021/2022;1;Tunis 1;4ème année secondaire Sc.Informatique;Masculin;308
2021/2022;1;Tunis 1;4ème année secondaire Economie et Gestion;Masculin;832
2021/2022;1;Tunis 1;4ème année secondaire Sport ;Masculin;132
2021/2022;2;Tunis 2;7ème année de base;Masculin;4603
2021/2022;2;Tunis 2;8ème année de base;Masculin;3119
2021/2022;2;Tunis 2;9ème année de base;Masculin;2881
2021/2022;2;Tunis 2;1ère année secondaire Tronc commun;Masculin;2837
2021/2022;2;Tunis 2;1ère année secondaire Sport;Masculin;24
2021/2022;2;Tunis 2;2ème année secondaire Lettres;Masculin;75
2021/2022;2;Tunis 2;2ème année secondaire Sciences;Masculin;753
2021/2022;2;Tunis 2;2ème année secondaire Technologie informatique;Masculin;596
2021/2022;2;Tunis 2;2ème année secondaire Economie et services;Masculin;604
2021/2022;2;Tunis 2;2ème année secondaire Sport;Masculin;18
2021/2022;2;Tunis 2;3ème année secondaire Lettres;Masculin;97
2021/2022;2;Tunis 2;3ème année secondaire Mathématiques;Masculin;174
2021/2022;2;Tunis 2;3ème année secondaire Sc. Expérimentales;Masculin;181
2021/2022;2;Tunis 2;3ème année secondaire Sc.Techniques;Masculin;285
2021/2022;2;Tunis 2;3ème année secondaire Sc.Informatique;Masculin;374
2021/2022;2;Tunis 2;3ème année secondaire Economie et Gestion;Masculin;658
2021/2022;2;Tunis 2;3ème année secondaire Sport ;Masculin;18
2021/2022;2;Tunis 2;4ème année secondaire Lettres;Masculin;90
2021/2022;2;Tunis 2;4ème année secondaire Mathématiques;Masculin;234
2021/2022;2;Tunis 2;4ème année secondaire Sc. Expérimentales;Masculin;250
2021/2022;2;Tunis 2;4ème année secondaire Sc.Techniques;Masculin;352
2021/2022;2;Tunis 2;4ème année secondaire Sc.Informatique;Masculin;353
2021/2022;2;Tunis 2;4ème année secondaire Economie et Gestion;Masculin;651
2021/2022;2;Tunis 2;4ème année secondaire Sport ;Masculin;28
2021/2022;3;Ariana;7ème année de base;Masculin;5187
2021/2022;3;Ariana;8ème année de base;Masculin;3882
2021/2022;3;Ariana;9ème année de base;Masculin;3132
2021/2022;3;Ariana;1ère année secondaire Tronc commun;Masculin;2988
2021/2022;3;Ariana;1ère année secondaire Sport;Masculin;18
2021/2022;3;Ariana;2ème année secondaire Lettres;Masculin;137
2021/2022;3;Ariana;2ème année secondaire Sciences;Masculin;767
2021/2022;3;Ariana;2ème année secondaire Technologie informatique;Masculin;689
2021/2022;3;Ariana;2ème année secondaire Economie et services;Masculin;670
2021/2022;3;Ariana;2ème année secondaire Sport;Masculin;14
2021/2022;3;Ariana;3ème année secondaire Lettres;Masculin;103
2021/2022;3;Ariana;3ème année secondaire Mathématiques;Masculin;270
2021/2022;3;Ariana;3ème année secondaire Sc. Expérimentales;Masculin;214
2021/2022;3;Ariana;3ème année secondaire Sc.Techniques;Masculin;221
2021/2022;3;Ariana;3ème année secondaire Sc.Informatique;Masculin;439
2021/2022;3;Ariana;3ème année secondaire Economie et Gestion;Masculin;647
2021/2022;3;Ariana;3ème année secondaire Sport ;Masculin;13
2021/2022;3;Ariana;4ème année secondaire Lettres;Masculin;115
2021/2022;3;Ariana;4ème année secondaire Mathématiques;Masculin;247
2021/2022;3;Ariana;4ème année secondaire Sc. Expérimentales;Masculin;248
2021/2022;3;Ariana;4ème année secondaire Sc.Techniques;Masculin;315
2021/2022;3;Ariana;4ème année secondaire Sc.Informatique;Masculin;364
2021/2022;3;Ariana;4ème année secondaire Economie et Gestion;Masculin;668
2021/2022;3;Ariana;4ème année secondaire Sport ;Masculin;20
2021/2022;4;Mannouba;7ème année de base;Masculin;4008
2021/2022;4;Mannouba;8ème année de base;Masculin;3218
2021/2022;4;Mannouba;9ème année de base;Masculin;2577
2021/2022;4;Mannouba;1ère année secondaire Tronc commun;Masculin;2260
2021/2022;4;Mannouba;1ère année secondaire Sport;Masculin;38
2021/2022;4;Mannouba;2ème année secondaire Lettres;Masculin;127
2021/2022;4;Mannouba;2ème année secondaire Sciences;Masculin;488
2021/2022;4;Mannouba;2ème année secondaire Technologie informatique;Masculin;536
2021/2022;4;Mannouba;2ème année secondaire Economie et services;Masculin;538
2021/2022;4;Mannouba;2ème année secondaire Sport;Masculin;31
2021/2022;4;Mannouba;3ème année secondaire Lettres;Masculin;100
2021/2022;4;Mannouba;3ème année secondaire Mathématiques;Masculin;127
2021/2022;4;Mannouba;3ème année secondaire Sc. Expérimentales;Masculin;114
2021/2022;4;Mannouba;3ème année secondaire Sc.Techniques;Masculin;347
2021/2022;4;Mannouba;3ème année secondaire Sc.Informatique;Masculin;223
2021/2022;4;Mannouba;3ème année secondaire Economie et Gestion;Masculin;498
2021/2022;4;Mannouba;3ème année secondaire Sport ;Masculin;19
2021/2022;4;Mannouba;4ème année secondaire Lettres;Masculin;107
2021/2022;4;Mannouba;4ème année secondaire Mathématiques;Masculin;88
2021/2022;4;Mannouba;4ème année secondaire Sc. Expérimentales;Masculin;162
2021/2022;4;Mannouba;4ème année secondaire Sc.Techniques;Masculin;390
2021/2022;4;Mannouba;4ème année secondaire Sc.Informatique;Masculin;255
2021/2022;4;Mannouba;4ème année secondaire Economie et Gestion;Masculin;459
2021/2022;4;Mannouba;4ème année secondaire Sport ;Masculin;17
2021/2022;5;Ben Arous;7ème année de base;Masculin;6414
2021/2022;5;Ben Arous;8ème année de base;Masculin;4801
2021/2022;5;Ben Arous;9ème année de base;Masculin;4104
2021/2022;5;Ben Arous;1ère année secondaire Tronc commun;Masculin;3947
2021/2022;5;Ben Arous;1ère année secondaire Sport;Masculin;22
2021/2022;5;Ben Arous;2ème année secondaire Lettres;Masculin;143
2021/2022;5;Ben Arous;2ème année secondaire Sciences;Masculin;921
2021/2022;5;Ben Arous;2ème année secondaire Technologie informatique;Masculin;1043
2021/2022;5;Ben Arous;2ème année secondaire Economie et services;Masculin;905
2021/2022;5;Ben Arous;2ème année secondaire Sport;Masculin;21
2021/2022;5;Ben Arous;3ème année secondaire Lettres;Masculin;145
2021/2022;5;Ben Arous;3ème année secondaire Mathématiques;Masculin;319
2021/2022;5;Ben Arous;3ème année secondaire Sc. Expérimentales;Masculin;250
2021/2022;5;Ben Arous;3ème année secondaire Sc.Techniques;Masculin;325
2021/2022;5;Ben Arous;3ème année secondaire Sc.Informatique;Masculin;692
2021/2022;5;Ben Arous;3ème année secondaire Economie et Gestion;Masculin;1024
2021/2022;5;Ben Arous;3ème année secondaire Sport ;Masculin;15
2021/2022;5;Ben Arous;4ème année secondaire Lettres;Masculin;177
2021/2022;5;Ben Arous;4ème année secondaire Mathématiques;Masculin;321
2021/2022;5;Ben Arous;4ème année secondaire Sc. Expérimentales;Masculin;365
2021/2022;5;Ben Arous;4ème année secondaire Sc.Techniques;Masculin;555
2021/2022;5;Ben Arous;4ème année secondaire Sc.Informatique;Masculin;629
2021/2022;5;Ben Arous;4ème année secondaire Economie et Gestion;Masculin;925
2021/2022;5;Ben Arous;4ème année secondaire Sport ;Masculin;20
2021/2022;6;Zaghouan;7ème année de base;Masculin;2302
2021/2022;6;Zaghouan;8ème année de base;Masculin;1483
2021/2022;6;Zaghouan;9ème année de base;Masculin;1056
2021/2022;6;Zaghouan;1ère année secondaire Tronc commun;Masculin;1123
2021/2022;6;Zaghouan;1ère année secondaire Sport;Masculin;5
2021/2022;6;Zaghouan;2ème année secondaire Lettres;Masculin;86
2021/2022;6;Zaghouan;2ème année secondaire Sciences;Masculin;248
2021/2022;6;Zaghouan;2ème année secondaire Technologie informatique;Masculin;96
2021/2022;6;Zaghouan;2ème année secondaire Economie et services;Masculin;264
2021/2022;6;Zaghouan;2ème année secondaire Sport;Masculin;8
2021/2022;6;Zaghouan;3ème année secondaire Lettres;Masculin;66
2021/2022;6;Zaghouan;3ème année secondaire Mathématiques;Masculin;36
2021/2022;6;Zaghouan;3ème année secondaire Sc. Expérimentales;Masculin;43
2021/2022;6;Zaghouan;3ème année secondaire Sc.Techniques;Masculin;163
2021/2022;6;Zaghouan;3ème année secondaire Sc.Informatique;Masculin;34
2021/2022;6;Zaghouan;3ème année secondaire Economie et Gestion;Masculin;286
2021/2022;6;Zaghouan;3ème année secondaire Sport ;Masculin;18
2021/2022;6;Zaghouan;4ème année secondaire Lettres;Masculin;85
2021/2022;6;Zaghouan;4ème année secondaire Mathématiques;Masculin;26
2021/2022;6;Zaghouan;4ème année secondaire Sc. Expérimentales;Masculin;57
2021/2022;6;Zaghouan;4ème année secondaire Sc.Techniques;Masculin;197
2021/2022;6;Zaghouan;4ème année secondaire Sc.Informatique;Masculin;22
2021/2022;6;Zaghouan;4ème année secondaire Economie et Gestion;Masculin;183
2021/2022;6;Zaghouan;4ème année secondaire Sport ;Masculin;23
2021/2022;7;Bizerte;7ème année de base;Masculin;6072
2021/2022;7;Bizerte;8ème année de base;Masculin;4212
2021/2022;7;Bizerte;9ème année de base;Masculin;3255
2021/2022;7;Bizerte;1ère année secondaire Tronc commun;Masculin;3333
2021/2022;7;Bizerte;1ère année secondaire Sport;Masculin;16
2021/2022;7;Bizerte;2ème année secondaire Lettres;Masculin;174
2021/2022;7;Bizerte;2ème année secondaire Sciences;Masculin;695
2021/2022;7;Bizerte;2ème année secondaire Technologie informatique;Masculin;545
2021/2022;7;Bizerte;2ème année secondaire Economie et services;Masculin;875
2021/2022;7;Bizerte;2ème année secondaire Sport;Masculin;17
2021/2022;7;Bizerte;3ème année secondaire Lettres;Masculin;147
2021/2022;7;Bizerte;3ème année secondaire Mathématiques;Masculin;159
2021/2022;7;Bizerte;3ème année secondaire Sc. Expérimentales;Masculin;155
2021/2022;7;Bizerte;3ème année secondaire Sc.Techniques;Masculin;401
2021/2022;7;Bizerte;3ème année secondaire Sc.Informatique;Masculin;296
2021/2022;7;Bizerte;3ème année secondaire Economie et Gestion;Masculin;834
2021/2022;7;Bizerte;3ème année secondaire Sport ;Masculin;26
2021/2022;7;Bizerte;4ème année secondaire Lettres;Masculin;213
2021/2022;7;Bizerte;4ème année secondaire Mathématiques;Masculin;178
2021/2022;7;Bizerte;4ème année secondaire Sc. Expérimentales;Masculin;214
2021/2022;7;Bizerte;4ème année secondaire Sc.Techniques;Masculin;510
2021/2022;7;Bizerte;4ème année secondaire Sc.Informatique;Masculin;233
2021/2022;7;Bizerte;4ème année secondaire Economie et Gestion;Masculin;654
2021/2022;7;Bizerte;4ème année secondaire Sport ;Masculin;41
2021/2022;8;Béja;7ème année de base;Masculin;3120
2021/2022;8;Béja;8ème année de base;Masculin;2170
2021/2022;8;Béja;9ème année de base;Masculin;1920
2021/2022;8;Béja;1ère année secondaire Tronc commun;Masculin;1736
2021/2022;8;Béja;1ère année secondaire Sport;Masculin;64
2021/2022;8;Béja;2ème année secondaire Lettres;Masculin;141
2021/2022;8;Béja;2ème année secondaire Sciences;Masculin;417
2021/2022;8;Béja;2ème année secondaire Technologie informatique;Masculin;147
2021/2022;8;Béja;2ème année secondaire Economie et services;Masculin;439
2021/2022;8;Béja;2ème année secondaire Sport;Masculin;33
2021/2022;8;Béja;3ème année secondaire Lettres;Masculin;102
2021/2022;8;Béja;3ème année secondaire Mathématiques;Masculin;63
2021/2022;8;Béja;3ème année secondaire Sc. Expérimentales;Masculin;70
2021/2022;8;Béja;3ème année secondaire Sc.Techniques;Masculin;252
2021/2022;8;Béja;3ème année secondaire Sc.Informatique;Masculin;94
2021/2022;8;Béja;3ème année secondaire Economie et Gestion;Masculin;398
2021/2022;8;Béja;3ème année secondaire Sport ;Masculin;31
2021/2022;8;Béja;4ème année secondaire Lettres;Masculin;140
2021/2022;8;Béja;4ème année secondaire Mathématiques;Masculin;62
2021/2022;8;Béja;4ème année secondaire Sc. Expérimentales;Masculin;103
2021/2022;8;Béja;4ème année secondaire Sc.Techniques;Masculin;322
2021/2022;8;Béja;4ème année secondaire Sc.Informatique;Masculin;103
2021/2022;8;Béja;4ème année secondaire Economie et Gestion;Masculin;431
2021/2022;8;Béja;4ème année secondaire Sport ;Masculin;50
2021/2022;9;Jendouba;7ème année de base;Masculin;4087
2021/2022;9;Jendouba;8ème année de base;Masculin;2867
2021/2022;9;Jendouba;9ème année de base;Masculin;2310
2021/2022;9;Jendouba;1ère année secondaire Tronc commun;Masculin;2361
2021/2022;9;Jendouba;1ère année secondaire Sport;Masculin;29
2021/2022;9;Jendouba;2ème année secondaire Lettres;Masculin;271
2021/2022;9;Jendouba;2ème année secondaire Sciences;Masculin;379
2021/2022;9;Jendouba;2ème année secondaire Technologie informatique;Masculin;298
2021/2022;9;Jendouba;2ème année secondaire Economie et services;Masculin;545
2021/2022;9;Jendouba;2ème année secondaire Sport;Masculin;25
2021/2022;9;Jendouba;3ème année secondaire Lettres;Masculin;224
2021/2022;9;Jendouba;3ème année secondaire Mathématiques;Masculin;82
2021/2022;9;Jendouba;3ème année secondaire Sc. Expérimentales;Masculin;88
2021/2022;9;Jendouba;3ème année secondaire Sc.Techniques;Masculin;254
2021/2022;9;Jendouba;3ème année secondaire Sc.Informatique;Masculin;127
2021/2022;9;Jendouba;3ème année secondaire Economie et Gestion;Masculin;418
2021/2022;9;Jendouba;3ème année secondaire Sport ;Masculin;20
2021/2022;9;Jendouba;4ème année secondaire Lettres;Masculin;280
2021/2022;9;Jendouba;4ème année secondaire Mathématiques;Masculin;58
2021/2022;9;Jendouba;4ème année secondaire Sc. Expérimentales;Masculin;154
2021/2022;9;Jendouba;4ème année secondaire Sc.Techniques;Masculin;319
2021/2022;9;Jendouba;4ème année secondaire Sc.Informatique;Masculin;147
2021/2022;9;Jendouba;4ème année secondaire Economie et Gestion;Masculin;502
2021/2022;9;Jendouba;4ème année secondaire Sport ;Masculin;41
2021/2022;10;Siliana;7ème année de base;Masculin;2444
2021/2022;10;Siliana;8ème année de base;Masculin;1638
2021/2022;10;Siliana;9ème année de base;Masculin;1386
2021/2022;10;Siliana;1ère année secondaire Tronc commun;Masculin;1336
2021/2022;10;Siliana;1ère année secondaire Sport;Masculin;16
2021/2022;10;Siliana;2ème année secondaire Lettres;Masculin;184
2021/2022;10;Siliana;2ème année secondaire Sciences;Masculin;301
2021/2022;10;Siliana;2ème année secondaire Technologie informatique;Masculin;103
2021/2022;10;Siliana;2ème année secondaire Economie et services;Masculin;266
2021/2022;10;Siliana;2ème année secondaire Sport;Masculin;11
2021/2022;10;Siliana;3ème année secondaire Lettres;Masculin;159
2021/2022;10;Siliana;3ème année secondaire Mathématiques;Masculin;41
2021/2022;10;Siliana;3ème année secondaire Sc. Expérimentales;Masculin;54
2021/2022;10;Siliana;3ème année secondaire Sc.Techniques;Masculin;206
2021/2022;10;Siliana;3ème année secondaire Sc.Informatique;Masculin;51
2021/2022;10;Siliana;3ème année secondaire Economie et Gestion;Masculin;245
2021/2022;10;Siliana;3ème année secondaire Sport ;Masculin;11
2021/2022;10;Siliana;4ème année secondaire Lettres;Masculin;202
2021/2022;10;Siliana;4ème année secondaire Mathématiques;Masculin;52
2021/2022;10;Siliana;4ème année secondaire Sc. Expérimentales;Masculin;87
2021/2022;10;Siliana;4ème année secondaire Sc.Techniques;Masculin;225
2021/2022;10;Siliana;4ème année secondaire Sc.Informatique;Masculin;53
2021/2022;10;Siliana;4ème année secondaire Economie et Gestion;Masculin;245
2021/2022;10;Siliana;4ème année secondaire Sport ;Masculin;22
2021/2022;11;Le Kef;7ème année de base;Masculin;2136
2021/2022;11;Le Kef;8ème année de base;Masculin;1748
2021/2022;11;Le Kef;9ème année de base;Masculin;1487
2021/2022;11;Le Kef;1ère année secondaire Tronc commun;Masculin;1524
2021/2022;11;Le Kef;1ère année secondaire Sport;Masculin;25
2021/2022;11;Le Kef;2ème année secondaire Lettres;Masculin;238
2021/2022;11;Le Kef;2ème année secondaire Sciences;Masculin;390
2021/2022;11;Le Kef;2ème année secondaire Technologie informatique;Masculin;84
2021/2022;11;Le Kef;2ème année secondaire Economie et services;Masculin;298
2021/2022;11;Le Kef;2ème année secondaire Sport;Masculin;17
2021/2022;11;Le Kef;3ème année secondaire Lettres;Masculin;189
2021/2022;11;Le Kef;3ème année secondaire Mathématiques;Masculin;45
2021/2022;11;Le Kef;3ème année secondaire Sc. Expérimentales;Masculin;103
2021/2022;11;Le Kef;3ème année secondaire Sc.Techniques;Masculin;269
2021/2022;11;Le Kef;3ème année secondaire Sc.Informatique;Masculin;25
2021/2022;11;Le Kef;3ème année secondaire Economie et Gestion;Masculin;258
2021/2022;11;Le Kef;3ème année secondaire Sport ;Masculin;14
2021/2022;11;Le Kef;4ème année secondaire Lettres;Masculin;234
2021/2022;11;Le Kef;4ème année secondaire Mathématiques;Masculin;42
2021/2022;11;Le Kef;4ème année secondaire Sc. Expérimentales;Masculin;130
2021/2022;11;Le Kef;4ème année secondaire Sc.Techniques;Masculin;312
2021/2022;11;Le Kef;4ème année secondaire Sc.Informatique;Masculin;63
2021/2022;11;Le Kef;4ème année secondaire Economie et Gestion;Masculin;232
2021/2022;11;Le Kef;4ème année secondaire Sport ;Masculin;22
2021/2022;12;Kasserine;7ème année de base;Masculin;5135
2021/2022;12;Kasserine;8ème année de base;Masculin;3316
2021/2022;12;Kasserine;9ème année de base;Masculin;2715
2021/2022;12;Kasserine;1ère année secondaire Tronc commun;Masculin;2499
2021/2022;12;Kasserine;1ère année secondaire Sport;Masculin;39
2021/2022;12;Kasserine;2ème année secondaire Lettres;Masculin;334
2021/2022;12;Kasserine;2ème année secondaire Sciences;Masculin;627
2021/2022;12;Kasserine;2ème année secondaire Technologie informatique;Masculin;185
2021/2022;12;Kasserine;2ème année secondaire Economie et services;Masculin;302
2021/2022;12;Kasserine;2ème année secondaire Sport;Masculin;33
2021/2022;12;Kasserine;3ème année secondaire Lettres;Masculin;293
2021/2022;12;Kasserine;3ème année secondaire Mathématiques;Masculin;67
2021/2022;12;Kasserine;3ème année secondaire Sc. Expérimentales;Masculin;218
2021/2022;12;Kasserine;3ème année secondaire Sc.Techniques;Masculin;230
2021/2022;12;Kasserine;3ème année secondaire Sc.Informatique;Masculin;102
2021/2022;12;Kasserine;3ème année secondaire Economie et Gestion;Masculin;329
2021/2022;12;Kasserine;3ème année secondaire Sport ;Masculin;26
2021/2022;12;Kasserine;4ème année secondaire Lettres;Masculin;360
2021/2022;12;Kasserine;4ème année secondaire Mathématiques;Masculin;70
2021/2022;12;Kasserine;4ème année secondaire Sc. Expérimentales;Masculin;231
2021/2022;12;Kasserine;4ème année secondaire Sc.Techniques;Masculin;235
2021/2022;12;Kasserine;4ème année secondaire Sc.Informatique;Masculin;96
2021/2022;12;Kasserine;4ème année secondaire Economie et Gestion;Masculin;367
2021/2022;12;Kasserine;4ème année secondaire Sport ;Masculin;48
2021/2022;13;Sidi Bouzid;7ème année de base;Masculin;4903
2021/2022;13;Sidi Bouzid;8ème année de base;Masculin;3326
2021/2022;13;Sidi Bouzid;9ème année de base;Masculin;2604
2021/2022;13;Sidi Bouzid;1ère année secondaire Tronc commun;Masculin;2330
2021/2022;13;Sidi Bouzid;1ère année secondaire Sport;Masculin;28
2021/2022;13;Sidi Bouzid;2ème année secondaire Lettres;Masculin;306
2021/2022;13;Sidi Bouzid;2ème année secondaire Sciences;Masculin;551
2021/2022;13;Sidi Bouzid;2ème année secondaire Technologie informatique;Masculin;230
2021/2022;13;Sidi Bouzid;2ème année secondaire Economie et services;Masculin;434
2021/2022;13;Sidi Bouzid;2ème année secondaire Sport;Masculin;40
2021/2022;13;Sidi Bouzid;3ème année secondaire Lettres;Masculin;270
2021/2022;13;Sidi Bouzid;3ème année secondaire Mathématiques;Masculin;55
2021/2022;13;Sidi Bouzid;3ème année secondaire Sc. Expérimentales;Masculin;146
2021/2022;13;Sidi Bouzid;3ème année secondaire Sc.Techniques;Masculin;402
2021/2022;13;Sidi Bouzid;3ème année secondaire Sc.Informatique;Masculin;83
2021/2022;13;Sidi Bouzid;3ème année secondaire Economie et Gestion;Masculin;409
2021/2022;13;Sidi Bouzid;3ème année secondaire Sport ;Masculin;26
2021/2022;13;Sidi Bouzid;4ème année secondaire Lettres;Masculin;338
2021/2022;13;Sidi Bouzid;4ème année secondaire Mathématiques;Masculin;23
2021/2022;13;Sidi Bouzid;4ème année secondaire Sc. Expérimentales;Masculin;184
2021/2022;13;Sidi Bouzid;4ème année secondaire Sc.Techniques;Masculin;377
2021/2022;13;Sidi Bouzid;4ème année secondaire Sc.Informatique;Masculin;68
2021/2022;13;Sidi Bouzid;4ème année secondaire Economie et Gestion;Masculin;360
2021/2022;13;Sidi Bouzid;4ème année secondaire Sport ;Masculin;60
2021/2022;14;Gafsa;7ème année de base;Masculin;3766
2021/2022;14;Gafsa;8ème année de base;Masculin;2754
2021/2022;14;Gafsa;9ème année de base;Masculin;2234
2021/2022;14;Gafsa;1ère année secondaire Tronc commun;Masculin;1985
2021/2022;14;Gafsa;1ère année secondaire Sport;Masculin;50
2021/2022;14;Gafsa;2ème année secondaire Lettres;Masculin;376
2021/2022;14;Gafsa;2ème année secondaire Sciences;Masculin;549
2021/2022;14;Gafsa;2ème année secondaire Technologie informatique;Masculin;327
2021/2022;14;Gafsa;2ème année secondaire Economie et services;Masculin;230
2021/2022;14;Gafsa;2ème année secondaire Sport;Masculin;35
2021/2022;14;Gafsa;3ème année secondaire Lettres;Masculin;276
2021/2022;14;Gafsa;3ème année secondaire Mathématiques;Masculin;73
2021/2022;14;Gafsa;3ème année secondaire Sc. Expérimentales;Masculin;255
2021/2022;14;Gafsa;3ème année secondaire Sc.Techniques;Masculin;290
2021/2022;14;Gafsa;3ème année secondaire Sc.Informatique;Masculin;145
2021/2022;14;Gafsa;3ème année secondaire Economie et Gestion;Masculin;215
2021/2022;14;Gafsa;3ème année secondaire Sport ;Masculin;34
2021/2022;14;Gafsa;4ème année secondaire Lettres;Masculin;386
2021/2022;14;Gafsa;4ème année secondaire Mathématiques;Masculin;77
2021/2022;14;Gafsa;4ème année secondaire Sc. Expérimentales;Masculin;284
2021/2022;14;Gafsa;4ème année secondaire Sc.Techniques;Masculin;308
2021/2022;14;Gafsa;4ème année secondaire Sc.Informatique;Masculin;141
2021/2022;14;Gafsa;4ème année secondaire Economie et Gestion;Masculin;152
2021/2022;14;Gafsa;4ème année secondaire Sport ;Masculin;46
2021/2022;15;Tozeur;7ème année de base;Masculin;1298
2021/2022;15;Tozeur;8ème année de base;Masculin;864
2021/2022;15;Tozeur;9ème année de base;Masculin;676
2021/2022;15;Tozeur;1ère année secondaire Tronc commun;Masculin;628
2021/2022;15;Tozeur;1ère année secondaire Sport;Masculin;29
2021/2022;15;Tozeur;2ème année secondaire Lettres;Masculin;37
2021/2022;15;Tozeur;2ème année secondaire Sciences;Masculin;227
2021/2022;15;Tozeur;2ème année secondaire Technologie informatique;Masculin;62
2021/2022;15;Tozeur;2ème année secondaire Economie et services;Masculin;103
2021/2022;15;Tozeur;2ème année secondaire Sport;Masculin;19
2021/2022;15;Tozeur;3ème année secondaire Lettres;Masculin;51
2021/2022;15;Tozeur;3ème année secondaire Mathématiques;Masculin;19
2021/2022;15;Tozeur;3ème année secondaire Sc. Expérimentales;Masculin;46
2021/2022;15;Tozeur;3ème année secondaire Sc.Techniques;Masculin;108
2021/2022;15;Tozeur;3ème année secondaire Sc.Informatique;Masculin;34
2021/2022;15;Tozeur;3ème année secondaire Economie et Gestion;Masculin;108
2021/2022;15;Tozeur;3ème année secondaire Sport ;Masculin;19
2021/2022;15;Tozeur;4ème année secondaire Lettres;Masculin;48
2021/2022;15;Tozeur;4ème année secondaire Mathématiques;Masculin;19
2021/2022;15;Tozeur;4ème année secondaire Sc. Expérimentales;Masculin;53
2021/2022;15;Tozeur;4ème année secondaire Sc.Techniques;Masculin;168
2021/2022;15;Tozeur;4ème année secondaire Sc.Informatique;Masculin;43
2021/2022;15;Tozeur;4ème année secondaire Economie et Gestion;Masculin;61
2021/2022;15;Tozeur;4ème année secondaire Sport ;Masculin;30
2021/2022;16;Kébili;7ème année de base;Masculin;2065
2021/2022;16;Kébili;8ème année de base;Masculin;1307
2021/2022;16;Kébili;9ème année de base;Masculin;1002
2021/2022;16;Kébili;1ère année secondaire Tronc commun;Masculin;818
2021/2022;16;Kébili;1ère année secondaire Sport;Masculin;36
2021/2022;16;Kébili;2ème année secondaire Lettres;Masculin;51
2021/2022;16;Kébili;2ème année secondaire Sciences;Masculin;267
2021/2022;16;Kébili;2ème année secondaire Technologie informatique;Masculin;87
2021/2022;16;Kébili;2ème année secondaire Economie et services;Masculin;165
2021/2022;16;Kébili;2ème année secondaire Sport;Masculin;23
2021/2022;16;Kébili;3ème année secondaire Lettres;Masculin;52
2021/2022;16;Kébili;3ème année secondaire Mathématiques;Masculin;21
2021/2022;16;Kébili;3ème année secondaire Sc. Expérimentales;Masculin;58
2021/2022;16;Kébili;3ème année secondaire Sc.Techniques;Masculin;132
2021/2022;16;Kébili;3ème année secondaire Sc.Informatique;Masculin;51
2021/2022;16;Kébili;3ème année secondaire Economie et Gestion;Masculin;148
2021/2022;16;Kébili;3ème année secondaire Sport ;Masculin;18
2021/2022;16;Kébili;4ème année secondaire Lettres;Masculin;70
2021/2022;16;Kébili;4ème année secondaire Mathématiques;Masculin;27
2021/2022;16;Kébili;4ème année secondaire Sc. Expérimentales;Masculin;91
2021/2022;16;Kébili;4ème année secondaire Sc.Techniques;Masculin;114
2021/2022;16;Kébili;4ème année secondaire Sc.Informatique;Masculin;30
2021/2022;16;Kébili;4ème année secondaire Economie et Gestion;Masculin;121
2021/2022;16;Kébili;4ème année secondaire Sport ;Masculin;25
2021/2022;17;Tataouine;7ème année de base;Masculin;1787
2021/2022;17;Tataouine;8ème année de base;Masculin;1120
2021/2022;17;Tataouine;9ème année de base;Masculin;854
2021/2022;17;Tataouine;1ère année secondaire Tronc commun;Masculin;669
2021/2022;17;Tataouine;1ère année secondaire Sport;Masculin;8
2021/2022;17;Tataouine;2ème année secondaire Lettres;Masculin;28
2021/2022;17;Tataouine;2ème année secondaire Sciences;Masculin;149
2021/2022;17;Tataouine;2ème année secondaire Technologie informatique;Masculin;97
2021/2022;17;Tataouine;2ème année secondaire Economie et services;Masculin;151
2021/2022;17;Tataouine;2ème année secondaire Sport;Masculin;0
2021/2022;17;Tataouine;3ème année secondaire Lettres;Masculin;28
2021/2022;17;Tataouine;3ème année secondaire Mathématiques;Masculin;11
2021/2022;17;Tataouine;3ème année secondaire Sc. Expérimentales;Masculin;53
2021/2022;17;Tataouine;3ème année secondaire Sc.Techniques;Masculin;109
2021/2022;17;Tataouine;3ème année secondaire Sc.Informatique;Masculin;39
2021/2022;17;Tataouine;3ème année secondaire Economie et Gestion;Masculin;127
2021/2022;17;Tataouine;3ème année secondaire Sport ;Masculin;0
2021/2022;17;Tataouine;4ème année secondaire Lettres;Masculin;48
2021/2022;17;Tataouine;4ème année secondaire Mathématiques;Masculin;18
2021/2022;17;Tataouine;4ème année secondaire Sc. Expérimentales;Masculin;67
2021/2022;17;Tataouine;4ème année secondaire Sc.Techniques;Masculin;144
2021/2022;17;Tataouine;4ème année secondaire Sc.Informatique;Masculin;38
2021/2022;17;Tataouine;4ème année secondaire Economie et Gestion;Masculin;71
2021/2022;17;Tataouine;4ème année secondaire Sport ;Masculin;0
2021/2022;18;Médenine;7ème année de base;Masculin;5537
2021/2022;18;Médenine;8ème année de base;Masculin;3487
2021/2022;18;Médenine;9ème année de base;Masculin;2830
2021/2022;18;Médenine;1ère année secondaire Tronc commun;Masculin;2312
2021/2022;18;Médenine;1ère année secondaire Sport;Masculin;40
2021/2022;18;Médenine;2ème année secondaire Lettres;Masculin;99
2021/2022;18;Médenine;2ème année secondaire Sciences;Masculin;617
2021/2022;18;Médenine;2ème année secondaire Technologie informatique;Masculin;518
2021/2022;18;Médenine;2ème année secondaire Economie et services;Masculin;390
2021/2022;18;Médenine;2ème année secondaire Sport;Masculin;30
2021/2022;18;Médenine;3ème année secondaire Lettres;Masculin;103
2021/2022;18;Médenine;3ème année secondaire Mathématiques;Masculin;130
2021/2022;18;Médenine;3ème année secondaire Sc. Expérimentales;Masculin;178
2021/2022;18;Médenine;3ème année secondaire Sc.Techniques;Masculin;292
2021/2022;18;Médenine;3ème année secondaire Sc.Informatique;Masculin;259
2021/2022;18;Médenine;3ème année secondaire Economie et Gestion;Masculin;467
2021/2022;18;Médenine;3ème année secondaire Sport ;Masculin;16
2021/2022;18;Médenine;4ème année secondaire Lettres;Masculin;106
2021/2022;18;Médenine;4ème année secondaire Mathématiques;Masculin;124
2021/2022;18;Médenine;4ème année secondaire Sc. Expérimentales;Masculin;215
2021/2022;18;Médenine;4ème année secondaire Sc.Techniques;Masculin;301
2021/2022;18;Médenine;4ème année secondaire Sc.Informatique;Masculin;187
2021/2022;18;Médenine;4ème année secondaire Economie et Gestion;Masculin;292
2021/2022;18;Médenine;4ème année secondaire Sport ;Masculin;21
2021/2022;19;Gabès;7ème année de base;Masculin;3931
2021/2022;19;Gabès;8ème année de base;Masculin;2674
2021/2022;19;Gabès;9ème année de base;Masculin;2079
2021/2022;19;Gabès;1ère année secondaire Tronc commun;Masculin;2063
2021/2022;19;Gabès;1ère année secondaire Sport;Masculin;41
2021/2022;19;Gabès;2ème année secondaire Lettres;Masculin;80
2021/2022;19;Gabès;2ème année secondaire Sciences;Masculin;514
2021/2022;19;Gabès;2ème année secondaire Technologie informatique;Masculin;250
2021/2022;19;Gabès;2ème année secondaire Economie et services;Masculin;393
2021/2022;19;Gabès;2ème année secondaire Sport;Masculin;33
2021/2022;19;Gabès;3ème année secondaire Lettres;Masculin;81
2021/2022;19;Gabès;3ème année secondaire Mathématiques;Masculin;127
2021/2022;19;Gabès;3ème année secondaire Sc. Expérimentales;Masculin;124
2021/2022;19;Gabès;3ème année secondaire Sc.Techniques;Masculin;327
2021/2022;19;Gabès;3ème année secondaire Sc.Informatique;Masculin;122
2021/2022;19;Gabès;3ème année secondaire Economie et Gestion;Masculin;399
2021/2022;19;Gabès;3ème année secondaire Sport ;Masculin;12
2021/2022;19;Gabès;4ème année secondaire Lettres;Masculin;107
2021/2022;19;Gabès;4ème année secondaire Mathématiques;Masculin;99
2021/2022;19;Gabès;4ème année secondaire Sc. Expérimentales;Masculin;140
2021/2022;19;Gabès;4ème année secondaire Sc.Techniques;Masculin;363
2021/2022;19;Gabès;4ème année secondaire Sc.Informatique;Masculin;105
2021/2022;19;Gabès;4ème année secondaire Economie et Gestion;Masculin;313
2021/2022;19;Gabès;4ème année secondaire Sport ;Masculin;18
2021/2022;20;Sfax 1;7ème année de base;Masculin;5350
2021/2022;20;Sfax 1;8ème année de base;Masculin;3578
2021/2022;20;Sfax 1;9ème année de base;Masculin;2929
2021/2022;20;Sfax 1;1ère année secondaire Tronc commun;Masculin;3055
2021/2022;20;Sfax 1;1ère année secondaire Sport;Masculin;75
2021/2022;20;Sfax 1;2ème année secondaire Lettres;Masculin;90
2021/2022;20;Sfax 1;2ème année secondaire Sciences;Masculin;1116
2021/2022;20;Sfax 1;2ème année secondaire Technologie informatique;Masculin;289
2021/2022;20;Sfax 1;2ème année secondaire Economie et services;Masculin;652
2021/2022;20;Sfax 1;2ème année secondaire Sport;Masculin;52
2021/2022;20;Sfax 1;3ème année secondaire Lettres;Masculin;104
2021/2022;20;Sfax 1;3ème année secondaire Mathématiques;Masculin;342
2021/2022;20;Sfax 1;3ème année secondaire Sc. Expérimentales;Masculin;253
2021/2022;20;Sfax 1;3ème année secondaire Sc.Techniques;Masculin;519
2021/2022;20;Sfax 1;3ème année secondaire Sc.Informatique;Masculin;132
2021/2022;20;Sfax 1;3ème année secondaire Economie et Gestion;Masculin;617
2021/2022;20;Sfax 1;3ème année secondaire Sport ;Masculin;63
2021/2022;20;Sfax 1;4ème année secondaire Lettres;Masculin;111
2021/2022;20;Sfax 1;4ème année secondaire Mathématiques;Masculin;317
2021/2022;20;Sfax 1;4ème année secondaire Sc. Expérimentales;Masculin;247
2021/2022;20;Sfax 1;4ème année secondaire Sc.Techniques;Masculin;506
2021/2022;20;Sfax 1;4ème année secondaire Sc.Informatique;Masculin;93
2021/2022;20;Sfax 1;4ème année secondaire Economie et Gestion;Masculin;574
2021/2022;20;Sfax 1;4ème année secondaire Sport ;Masculin;62
2021/2022;21;Sfax 2;7ème année de base;Masculin;5180
2021/2022;21;Sfax 2;8ème année de base;Masculin;3451
2021/2022;21;Sfax 2;9ème année de base;Masculin;2624
2021/2022;21;Sfax 2;1ère année secondaire Tronc commun;Masculin;2194
2021/2022;21;Sfax 2;1ère année secondaire Sport;Masculin;0
2021/2022;21;Sfax 2;2ème année secondaire Lettres;Masculin;112
2021/2022;21;Sfax 2;2ème année secondaire Sciences;Masculin;832
2021/2022;21;Sfax 2;2ème année secondaire Technologie informatique;Masculin;175
2021/2022;21;Sfax 2;2ème année secondaire Economie et services;Masculin;527
2021/2022;21;Sfax 2;2ème année secondaire Sport;Masculin;0
2021/2022;21;Sfax 2;3ème année secondaire Lettres;Masculin;73
2021/2022;21;Sfax 2;3ème année secondaire Mathématiques;Masculin;187
2021/2022;21;Sfax 2;3ème année secondaire Sc. Expérimentales;Masculin;141
2021/2022;21;Sfax 2;3ème année secondaire Sc.Techniques;Masculin;338
2021/2022;21;Sfax 2;3ème année secondaire Sc.Informatique;Masculin;33
2021/2022;21;Sfax 2;3ème année secondaire Economie et Gestion;Masculin;483
2021/2022;21;Sfax 2;3ème année secondaire Sport ;Masculin;0
2021/2022;21;Sfax 2;4ème année secondaire Lettres;Masculin;92
2021/2022;21;Sfax 2;4ème année secondaire Mathématiques;Masculin;179
2021/2022;21;Sfax 2;4ème année secondaire Sc. Expérimentales;Masculin;169
2021/2022;21;Sfax 2;4ème année secondaire Sc.Techniques;Masculin;295
2021/2022;21;Sfax 2;4ème année secondaire Sc.Informatique;Masculin;40
2021/2022;21;Sfax 2;4ème année secondaire Economie et Gestion;Masculin;388
2021/2022;21;Sfax 2;4ème année secondaire Sport ;Masculin;0
2021/2022;22;Mahdia;7ème année de base;Masculin;4713
2021/2022;22;Mahdia;8ème année de base;Masculin;2962
2021/2022;22;Mahdia;9ème année de base;Masculin;2082
2021/2022;22;Mahdia;1ère année secondaire Tronc commun;Masculin;2054
2021/2022;22;Mahdia;1ère année secondaire Sport;Masculin;39
2021/2022;22;Mahdia;2ème année secondaire Lettres;Masculin;107
2021/2022;22;Mahdia;2ème année secondaire Sciences;Masculin;552
2021/2022;22;Mahdia;2ème année secondaire Technologie informatique;Masculin;204
2021/2022;22;Mahdia;2ème année secondaire Economie et services;Masculin;394
2021/2022;22;Mahdia;2ème année secondaire Sport;Masculin;23
2021/2022;22;Mahdia;3ème année secondaire Lettres;Masculin;97
2021/2022;22;Mahdia;3ème année secondaire Mathématiques;Masculin;79
2021/2022;22;Mahdia;3ème année secondaire Sc. Expérimentales;Masculin;108
2021/2022;22;Mahdia;3ème année secondaire Sc.Techniques;Masculin;326
2021/2022;22;Mahdia;3ème année secondaire Sc.Informatique;Masculin;87
2021/2022;22;Mahdia;3ème année secondaire Economie et Gestion;Masculin;351
2021/2022;22;Mahdia;3ème année secondaire Sport ;Masculin;45
2021/2022;22;Mahdia;4ème année secondaire Lettres;Masculin;136
2021/2022;22;Mahdia;4ème année secondaire Mathématiques;Masculin;109
2021/2022;22;Mahdia;4ème année secondaire Sc. Expérimentales;Masculin;104
2021/2022;22;Mahdia;4ème année secondaire Sc.Techniques;Masculin;346
2021/2022;22;Mahdia;4ème année secondaire Sc.Informatique;Masculin;85
2021/2022;22;Mahdia;4ème année secondaire Economie et Gestion;Masculin;289
2021/2022;22;Mahdia;4ème année secondaire Sport ;Masculin;33
2021/2022;23;Kairouan;7ème année de base;Masculin;6460
2021/2022;23;Kairouan;8ème année de base;Masculin;3918
2021/2022;23;Kairouan;9ème année de base;Masculin;2760
2021/2022;23;Kairouan;1ère année secondaire Tronc commun;Masculin;2642
2021/2022;23;Kairouan;1ère année secondaire Sport;Masculin;31
2021/2022;23;Kairouan;2ème année secondaire Lettres;Masculin;176
2021/2022;23;Kairouan;2ème année secondaire Sciences;Masculin;608
2021/2022;23;Kairouan;2ème année secondaire Technologie informatique;Masculin;306
2021/2022;23;Kairouan;2ème année secondaire Economie et services;Masculin;609
2021/2022;23;Kairouan;2ème année secondaire Sport;Masculin;32
2021/2022;23;Kairouan;3ème année secondaire Lettres;Masculin;177
2021/2022;23;Kairouan;3ème année secondaire Mathématiques;Masculin;115
2021/2022;23;Kairouan;3ème année secondaire Sc. Expérimentales;Masculin;152
2021/2022;23;Kairouan;3ème année secondaire Sc.Techniques;Masculin;337
2021/2022;23;Kairouan;3ème année secondaire Sc.Informatique;Masculin;105
2021/2022;23;Kairouan;3ème année secondaire Economie et Gestion;Masculin;632
2021/2022;23;Kairouan;3ème année secondaire Sport ;Masculin;40
2021/2022;23;Kairouan;4ème année secondaire Lettres;Masculin;272
2021/2022;23;Kairouan;4ème année secondaire Mathématiques;Masculin;139
2021/2022;23;Kairouan;4ème année secondaire Sc. Expérimentales;Masculin;207
2021/2022;23;Kairouan;4ème année secondaire Sc.Techniques;Masculin;461
2021/2022;23;Kairouan;4ème année secondaire Sc.Informatique;Masculin;98
2021/2022;23;Kairouan;4ème année secondaire Economie et Gestion;Masculin;624
2021/2022;23;Kairouan;4ème année secondaire Sport ;Masculin;39
2021/2022;24;Monastir;7ème année de base;Masculin;6687
2021/2022;24;Monastir;8ème année de base;Masculin;4286
2021/2022;24;Monastir;9ème année de base;Masculin;3353
2021/2022;24;Monastir;1ère année secondaire Tronc commun;Masculin;3322
2021/2022;24;Monastir;1ère année secondaire Sport;Masculin;67
2021/2022;24;Monastir;2ème année secondaire Lettres;Masculin;96
2021/2022;24;Monastir;2ème année secondaire Sciences;Masculin;1027
2021/2022;24;Monastir;2ème année secondaire Technologie informatique;Masculin;490
2021/2022;24;Monastir;2ème année secondaire Economie et services;Masculin;647
2021/2022;24;Monastir;2ème année secondaire Sport;Masculin;68
2021/2022;24;Monastir;3ème année secondaire Lettres;Masculin;94
2021/2022;24;Monastir;3ème année secondaire Mathématiques;Masculin;244
2021/2022;24;Monastir;3ème année secondaire Sc. Expérimentales;Masculin;137
2021/2022;24;Monastir;3ème année secondaire Sc.Techniques;Masculin;643
2021/2022;24;Monastir;3ème année secondaire Sc.Informatique;Masculin;226
2021/2022;24;Monastir;3ème année secondaire Economie et Gestion;Masculin;690
2021/2022;24;Monastir;3ème année secondaire Sport ;Masculin;52
2021/2022;24;Monastir;4ème année secondaire Lettres;Masculin;105
2021/2022;24;Monastir;4ème année secondaire Mathématiques;Masculin;196
2021/2022;24;Monastir;4ème année secondaire Sc. Expérimentales;Masculin;192
2021/2022;24;Monastir;4ème année secondaire Sc.Techniques;Masculin;679
2021/2022;24;Monastir;4ème année secondaire Sc.Informatique;Masculin;207
2021/2022;24;Monastir;4ème année secondaire Economie et Gestion;Masculin;590
2021/2022;24;Monastir;4ème année secondaire Sport ;Masculin;55
2021/2022;25;Sousse;7ème année de base;Masculin;7564
2021/2022;25;Sousse;8ème année de base;Masculin;5093
2021/2022;25;Sousse;9ème année de base;Masculin;3965
2021/2022;25;Sousse;1ère année secondaire Tronc commun;Masculin;3715
2021/2022;25;Sousse;1ère année secondaire Sport;Masculin;63
2021/2022;25;Sousse;2ème année secondaire Lettres;Masculin;219
2021/2022;25;Sousse;2ème année secondaire Sciences;Masculin;1156
2021/2022;25;Sousse;2ème année secondaire Technologie informatique;Masculin;450
2021/2022;25;Sousse;2ème année secondaire Economie et services;Masculin;812
2021/2022;25;Sousse;2ème année secondaire Sport;Masculin;68
2021/2022;25;Sousse;3ème année secondaire Lettres;Masculin;174
2021/2022;25;Sousse;3ème année secondaire Mathématiques;Masculin;227
2021/2022;25;Sousse;3ème année secondaire Sc. Expérimentales;Masculin;220
2021/2022;25;Sousse;3ème année secondaire Sc.Techniques;Masculin;753
2021/2022;25;Sousse;3ème année secondaire Sc.Informatique;Masculin;165
2021/2022;25;Sousse;3ème année secondaire Economie et Gestion;Masculin;763
2021/2022;25;Sousse;3ème année secondaire Sport ;Masculin;60
2021/2022;25;Sousse;4ème année secondaire Lettres;Masculin;259
2021/2022;25;Sousse;4ème année secondaire Mathématiques;Masculin;254
2021/2022;25;Sousse;4ème année secondaire Sc. Expérimentales;Masculin;219
2021/2022;25;Sousse;4ème année secondaire Sc.Techniques;Masculin;751
2021/2022;25;Sousse;4ème année secondaire Sc.Informatique;Masculin;157
2021/2022;25;Sousse;4ème année secondaire Economie et Gestion;Masculin;708
2021/2022;25;Sousse;4ème année secondaire Sport ;Masculin;68
2021/2022;26;Nabeul;7ème année de base;Masculin;9133
2021/2022;26;Nabeul;8ème année de base;Masculin;5956
2021/2022;26;Nabeul;9ème année de base;Masculin;4537
2021/2022;26;Nabeul;1ère année secondaire Tronc commun;Masculin;4148
2021/2022;26;Nabeul;1ère année secondaire Sport;Masculin;22
2021/2022;26;Nabeul;2ème année secondaire Lettres;Masculin;261
2021/2022;26;Nabeul;2ème année secondaire Sciences;Masculin;969
2021/2022;26;Nabeul;2ème année secondaire Technologie informatique;Masculin;705
2021/2022;26;Nabeul;2ème année secondaire Economie et services;Masculin;782
2021/2022;26;Nabeul;2ème année secondaire Sport;Masculin;31
2021/2022;26;Nabeul;3ème année secondaire Lettres;Masculin;196
2021/2022;26;Nabeul;3ème année secondaire Mathématiques;Masculin;256
2021/2022;26;Nabeul;3ème année secondaire Sc. Expérimentales;Masculin;195
2021/2022;26;Nabeul;3ème année secondaire Sc.Techniques;Masculin;578
2021/2022;26;Nabeul;3ème année secondaire Sc.Informatique;Masculin;459
2021/2022;26;Nabeul;3ème année secondaire Economie et Gestion;Masculin;857
2021/2022;26;Nabeul;3ème année secondaire Sport ;Masculin;22
2021/2022;26;Nabeul;4ème année secondaire Lettres;Masculin;245
2021/2022;26;Nabeul;4ème année secondaire Mathématiques;Masculin;256
2021/2022;26;Nabeul;4ème année secondaire Sc. Expérimentales;Masculin;252
2021/2022;26;Nabeul;4ème année secondaire Sc.Techniques;Masculin;612
2021/2022;26;Nabeul;4ème année secondaire Sc.Informatique;Masculin;338
2021/2022;26;Nabeul;4ème année secondaire Economie et Gestion;Masculin;841
2021/2022;26;Nabeul;4ème année secondaire Sport ;Masculin;19
2021/2022;1;Tunis 1;7ème année de base;Feminin;4003
2021/2022;1;Tunis 1;8ème année de base;Feminin;3650
2021/2022;1;Tunis 1;9ème année de base;Feminin;3396
2021/2022;1;Tunis 1;1ère année secondaire Tronc commun;Feminin;3691
2021/2022;1;Tunis 1;1ère année secondaire Sport;Feminin;64
2021/2022;1;Tunis 1;2ème année secondaire Lettres;Feminin;425
2021/2022;1;Tunis 1;2ème année secondaire Sciences;Feminin;1402
2021/2022;1;Tunis 1;2ème année secondaire Technologie informatique;Feminin;217
2021/2022;1;Tunis 1;2ème année secondaire Economie et services;Feminin;991
2021/2022;1;Tunis 1;2ème année secondaire Sport;Feminin;44
2021/2022;1;Tunis 1;3ème année secondaire Lettres;Feminin;421
2021/2022;1;Tunis 1;3ème année secondaire Mathématiques;Feminin;351
2021/2022;1;Tunis 1;3ème année secondaire Sc. Expérimentales;Feminin;756
2021/2022;1;Tunis 1;3ème année secondaire Sc.Techniques;Feminin;98
2021/2022;1;Tunis 1;3ème année secondaire Sc.Informatique;Feminin;133
2021/2022;1;Tunis 1;3ème année secondaire Economie et Gestion;Feminin;1026
2021/2022;1;Tunis 1;3ème année secondaire Sport ;Feminin;64
2021/2022;1;Tunis 1;4ème année secondaire Lettres;Feminin;454
2021/2022;1;Tunis 1;4ème année secondaire Mathématiques;Feminin;323
2021/2022;1;Tunis 1;4ème année secondaire Sc. Expérimentales;Feminin;1003
2021/2022;1;Tunis 1;4ème année secondaire Sc.Techniques;Feminin;134
2021/2022;1;Tunis 1;4ème année secondaire Sc.Informatique;Feminin;126
2021/2022;1;Tunis 1;4ème année secondaire Economie et Gestion;Feminin;1213
2021/2022;1;Tunis 1;4ème année secondaire Sport ;Feminin;77
2021/2022;2;Tunis 2;7ème année de base;Feminin;3987
2021/2022;2;Tunis 2;8ème année de base;Feminin;3545
2021/2022;2;Tunis 2;9ème année de base;Feminin;3321
2021/2022;2;Tunis 2;1ère année secondaire Tronc commun;Feminin;3358
2021/2022;2;Tunis 2;1ère année secondaire Sport;Feminin;22
2021/2022;2;Tunis 2;2ème année secondaire Lettres;Feminin;300
2021/2022;2;Tunis 2;2ème année secondaire Sciences;Feminin;1098
2021/2022;2;Tunis 2;2ème année secondaire Technologie informatique;Feminin;322
2021/2022;2;Tunis 2;2ème année secondaire Economie et services;Feminin;800
2021/2022;2;Tunis 2;2ème année secondaire Sport;Feminin;13
2021/2022;2;Tunis 2;3ème année secondaire Lettres;Feminin;334
2021/2022;2;Tunis 2;3ème année secondaire Mathématiques;Feminin;186
2021/2022;2;Tunis 2;3ème année secondaire Sc. Expérimentales;Feminin;566
2021/2022;2;Tunis 2;3ème année secondaire Sc.Techniques;Feminin;158
2021/2022;2;Tunis 2;3ème année secondaire Sc.Informatique;Feminin;215
2021/2022;2;Tunis 2;3ème année secondaire Economie et Gestion;Feminin;966
2021/2022;2;Tunis 2;3ème année secondaire Sport ;Feminin;17
2021/2022;2;Tunis 2;4ème année secondaire Lettres;Feminin;319
2021/2022;2;Tunis 2;4ème année secondaire Mathématiques;Feminin;249
2021/2022;2;Tunis 2;4ème année secondaire Sc. Expérimentales;Feminin;776
2021/2022;2;Tunis 2;4ème année secondaire Sc.Techniques;Feminin;175
2021/2022;2;Tunis 2;4ème année secondaire Sc.Informatique;Feminin;186
2021/2022;2;Tunis 2;4ème année secondaire Economie et Gestion;Feminin;1143
2021/2022;2;Tunis 2;4ème année secondaire Sport ;Feminin;28
2021/2022;3;Ariana;7ème année de base;Feminin;4579
2021/2022;3;Ariana;8ème année de base;Feminin;4013
2021/2022;3;Ariana;9ème année de base;Feminin;3687
2021/2022;3;Ariana;1ère année secondaire Tronc commun;Feminin;3887
2021/2022;3;Ariana;1ère année secondaire Sport;Feminin;12
2021/2022;3;Ariana;2ème année secondaire Lettres;Feminin;409
2021/2022;3;Ariana;2ème année secondaire Sciences;Feminin;1342
2021/2022;3;Ariana;2ème année secondaire Technologie informatique;Feminin;365
2021/2022;3;Ariana;2ème année secondaire Economie et services;Feminin;916
2021/2022;3;Ariana;2ème année secondaire Sport;Feminin;14
2021/2022;3;Ariana;3ème année secondaire Lettres;Feminin;420
2021/2022;3;Ariana;3ème année secondaire Mathématiques;Feminin;300
2021/2022;3;Ariana;3ème année secondaire Sc. Expérimentales;Feminin;790
2021/2022;3;Ariana;3ème année secondaire Sc.Techniques;Feminin;129
2021/2022;3;Ariana;3ème année secondaire Sc.Informatique;Feminin;229
2021/2022;3;Ariana;3ème année secondaire Economie et Gestion;Feminin;1030
2021/2022;3;Ariana;3ème année secondaire Sport ;Feminin;10
2021/2022;3;Ariana;4ème année secondaire Lettres;Feminin;449
2021/2022;3;Ariana;4ème année secondaire Mathématiques;Feminin;310
2021/2022;3;Ariana;4ème année secondaire Sc. Expérimentales;Feminin;835
2021/2022;3;Ariana;4ème année secondaire Sc.Techniques;Feminin;149
2021/2022;3;Ariana;4ème année secondaire Sc.Informatique;Feminin;227
2021/2022;3;Ariana;4ème année secondaire Economie et Gestion;Feminin;1146
2021/2022;3;Ariana;4ème année secondaire Sport ;Feminin;19
2021/2022;4;Mannouba;7ème année de base;Feminin;3462
2021/2022;4;Mannouba;8ème année de base;Feminin;3081
2021/2022;4;Mannouba;9ème année de base;Feminin;2924
2021/2022;4;Mannouba;1ère année secondaire Tronc commun;Feminin;2851
2021/2022;4;Mannouba;1ère année secondaire Sport;Feminin;15
2021/2022;4;Mannouba;2ème année secondaire Lettres;Feminin;392
2021/2022;4;Mannouba;2ème année secondaire Sciences;Feminin;926
2021/2022;4;Mannouba;2ème année secondaire Technologie informatique;Feminin;226
2021/2022;4;Mannouba;2ème année secondaire Economie et services;Feminin;700
2021/2022;4;Mannouba;2ème année secondaire Sport;Feminin;23
2021/2022;4;Mannouba;3ème année secondaire Lettres;Feminin;367
2021/2022;4;Mannouba;3ème année secondaire Mathématiques;Feminin;147
2021/2022;4;Mannouba;3ème année secondaire Sc. Expérimentales;Feminin;457
2021/2022;4;Mannouba;3ème année secondaire Sc.Techniques;Feminin;172
2021/2022;4;Mannouba;3ème année secondaire Sc.Informatique;Feminin;104
2021/2022;4;Mannouba;3ème année secondaire Economie et Gestion;Feminin;811
2021/2022;4;Mannouba;3ème année secondaire Sport ;Feminin;14
2021/2022;4;Mannouba;4ème année secondaire Lettres;Feminin;471
2021/2022;4;Mannouba;4ème année secondaire Mathématiques;Feminin;117
2021/2022;4;Mannouba;4ème année secondaire Sc. Expérimentales;Feminin;740
2021/2022;4;Mannouba;4ème année secondaire Sc.Techniques;Feminin;184
2021/2022;4;Mannouba;4ème année secondaire Sc.Informatique;Feminin;127
2021/2022;4;Mannouba;4ème année secondaire Economie et Gestion;Feminin;865
2021/2022;4;Mannouba;4ème année secondaire Sport ;Feminin;15
2021/2022;5;Ben Arous;7ème année de base;Feminin;5760
2021/2022;5;Ben Arous;8ème année de base;Feminin;5067
2021/2022;5;Ben Arous;9ème année de base;Feminin;4766
2021/2022;5;Ben Arous;1ère année secondaire Tronc commun;Feminin;4841
2021/2022;5;Ben Arous;1ère année secondaire Sport;Feminin;9
2021/2022;5;Ben Arous;2ème année secondaire Lettres;Feminin;503
2021/2022;5;Ben Arous;2ème année secondaire Sciences;Feminin;1497
2021/2022;5;Ben Arous;2ème année secondaire Technologie informatique;Feminin;484
2021/2022;5;Ben Arous;2ème année secondaire Economie et services;Feminin;1186
2021/2022;5;Ben Arous;2ème année secondaire Sport;Feminin;8
2021/2022;5;Ben Arous;3ème année secondaire Lettres;Feminin;570
2021/2022;5;Ben Arous;3ème année secondaire Mathématiques;Feminin;318
2021/2022;5;Ben Arous;3ème année secondaire Sc. Expérimentales;Feminin;835
2021/2022;5;Ben Arous;3ème année secondaire Sc.Techniques;Feminin;193
2021/2022;5;Ben Arous;3ème année secondaire Sc.Informatique;Feminin;310
2021/2022;5;Ben Arous;3ème année secondaire Economie et Gestion;Feminin;1425
2021/2022;5;Ben Arous;3ème année secondaire Sport ;Feminin;8
2021/2022;5;Ben Arous;4ème année secondaire Lettres;Feminin;661
2021/2022;5;Ben Arous;4ème année secondaire Mathématiques;Feminin;359
2021/2022;5;Ben Arous;4ème année secondaire Sc. Expérimentales;Feminin;1172
2021/2022;5;Ben Arous;4ème année secondaire Sc.Techniques;Feminin;241
2021/2022;5;Ben Arous;4ème année secondaire Sc.Informatique;Feminin;303
2021/2022;5;Ben Arous;4ème année secondaire Economie et Gestion;Feminin;1507
2021/2022;5;Ben Arous;4ème année secondaire Sport ;Feminin;23
2021/2022;6;Zaghouan;7ème année de base;Feminin;1913
2021/2022;6;Zaghouan;8ème année de base;Feminin;1576
2021/2022;6;Zaghouan;9ème année de base;Feminin;1396
2021/2022;6;Zaghouan;1ère année secondaire Tronc commun;Feminin;1582
2021/2022;6;Zaghouan;1ère année secondaire Sport;Feminin;7
2021/2022;6;Zaghouan;2ème année secondaire Lettres;Feminin;267
2021/2022;6;Zaghouan;2ème année secondaire Sciences;Feminin;369
2021/2022;6;Zaghouan;2ème année secondaire Technologie informatique;Feminin;52
2021/2022;6;Zaghouan;2ème année secondaire Economie et services;Feminin;339
2021/2022;6;Zaghouan;2ème année secondaire Sport;Feminin;11
2021/2022;6;Zaghouan;3ème année secondaire Lettres;Feminin;239
2021/2022;6;Zaghouan;3ème année secondaire Mathématiques;Feminin;47
2021/2022;6;Zaghouan;3ème année secondaire Sc. Expérimentales;Feminin;199
2021/2022;6;Zaghouan;3ème année secondaire Sc.Techniques;Feminin;83
2021/2022;6;Zaghouan;3ème année secondaire Sc.Informatique;Feminin;12
2021/2022;6;Zaghouan;3ème année secondaire Economie et Gestion;Feminin;383
2021/2022;6;Zaghouan;3ème année secondaire Sport ;Feminin;10
2021/2022;6;Zaghouan;4ème année secondaire Lettres;Feminin;300
2021/2022;6;Zaghouan;4ème année secondaire Mathématiques;Feminin;32
2021/2022;6;Zaghouan;4ème année secondaire Sc. Expérimentales;Feminin;231
2021/2022;6;Zaghouan;4ème année secondaire Sc.Techniques;Feminin;134
2021/2022;6;Zaghouan;4ème année secondaire Sc.Informatique;Feminin;19
2021/2022;6;Zaghouan;4ème année secondaire Economie et Gestion;Feminin;394
2021/2022;6;Zaghouan;4ème année secondaire Sport ;Feminin;16
2021/2022;7;Bizerte;7ème année de base;Feminin;5205
2021/2022;7;Bizerte;8ème année de base;Feminin;4503
2021/2022;7;Bizerte;9ème année de base;Feminin;4083
2021/2022;7;Bizerte;1ère année secondaire Tronc commun;Feminin;4399
2021/2022;7;Bizerte;1ère année secondaire Sport;Feminin;16
2021/2022;7;Bizerte;2ème année secondaire Lettres;Feminin;608
2021/2022;7;Bizerte;2ème année secondaire Sciences;Feminin;1236
2021/2022;7;Bizerte;2ème année secondaire Technologie informatique;Feminin;257
2021/2022;7;Bizerte;2ème année secondaire Economie et services;Feminin;1145
2021/2022;7;Bizerte;2ème année secondaire Sport;Feminin;20
2021/2022;7;Bizerte;3ème année secondaire Lettres;Feminin;609
2021/2022;7;Bizerte;3ème année secondaire Mathématiques;Feminin;222
2021/2022;7;Bizerte;3ème année secondaire Sc. Expérimentales;Feminin;647
2021/2022;7;Bizerte;3ème année secondaire Sc.Techniques;Feminin;192
2021/2022;7;Bizerte;3ème année secondaire Sc.Informatique;Feminin;127
2021/2022;7;Bizerte;3ème année secondaire Economie et Gestion;Feminin;1293
2021/2022;7;Bizerte;3ème année secondaire Sport ;Feminin;9
2021/2022;7;Bizerte;4ème année secondaire Lettres;Feminin;691
2021/2022;7;Bizerte;4ème année secondaire Mathématiques;Feminin;229
2021/2022;7;Bizerte;4ème année secondaire Sc. Expérimentales;Feminin;933
2021/2022;7;Bizerte;4ème année secondaire Sc.Techniques;Feminin;264
2021/2022;7;Bizerte;4ème année secondaire Sc.Informatique;Feminin;129
2021/2022;7;Bizerte;4ème année secondaire Economie et Gestion;Feminin;1388
2021/2022;7;Bizerte;4ème année secondaire Sport ;Feminin;9
2021/2022;8;Béja;7ème année de base;Feminin;2644
2021/2022;8;Béja;8ème année de base;Feminin;2367
2021/2022;8;Béja;9ème année de base;Feminin;2248
2021/2022;8;Béja;1ère année secondaire Tronc commun;Feminin;2303
2021/2022;8;Béja;1ère année secondaire Sport;Feminin;26
2021/2022;8;Béja;2ème année secondaire Lettres;Feminin;498
2021/2022;8;Béja;2ème année secondaire Sciences;Feminin;620
2021/2022;8;Béja;2ème année secondaire Technologie informatique;Feminin;92
2021/2022;8;Béja;2ème année secondaire Economie et services;Feminin;555
2021/2022;8;Béja;2ème année secondaire Sport;Feminin;19
2021/2022;8;Béja;3ème année secondaire Lettres;Feminin;460
2021/2022;8;Béja;3ème année secondaire Mathématiques;Feminin;109
2021/2022;8;Béja;3ème année secondaire Sc. Expérimentales;Feminin;318
2021/2022;8;Béja;3ème année secondaire Sc.Techniques;Feminin;142
2021/2022;8;Béja;3ème année secondaire Sc.Informatique;Feminin;52
2021/2022;8;Béja;3ème année secondaire Economie et Gestion;Feminin;566
2021/2022;8;Béja;3ème année secondaire Sport ;Feminin;14
2021/2022;8;Béja;4ème année secondaire Lettres;Feminin;549
2021/2022;8;Béja;4ème année secondaire Mathématiques;Feminin;84
2021/2022;8;Béja;4ème année secondaire Sc. Expérimentales;Feminin;549
2021/2022;8;Béja;4ème année secondaire Sc.Techniques;Feminin;201
2021/2022;8;Béja;4ème année secondaire Sc.Informatique;Feminin;53
2021/2022;8;Béja;4ème année secondaire Economie et Gestion;Feminin;699
2021/2022;8;Béja;4ème année secondaire Sport ;Feminin;20
2021/2022;9;Jendouba;7ème année de base;Feminin;3292
2021/2022;9;Jendouba;8ème année de base;Feminin;2926
2021/2022;9;Jendouba;9ème année de base;Feminin;2748
2021/2022;9;Jendouba;1ère année secondaire Tronc commun;Feminin;2902
2021/2022;9;Jendouba;1ère année secondaire Sport;Feminin;26
2021/2022;9;Jendouba;2ème année secondaire Lettres;Feminin;652
2021/2022;9;Jendouba;2ème année secondaire Sciences;Feminin;750
2021/2022;9;Jendouba;2ème année secondaire Technologie informatique;Feminin;173
2021/2022;9;Jendouba;2ème année secondaire Economie et services;Feminin;623
2021/2022;9;Jendouba;2ème année secondaire Sport;Feminin;10
2021/2022;9;Jendouba;3ème année secondaire Lettres;Feminin;557
2021/2022;9;Jendouba;3ème année secondaire Mathématiques;Feminin;107
2021/2022;9;Jendouba;3ème année secondaire Sc. Expérimentales;Feminin;383
2021/2022;9;Jendouba;3ème année secondaire Sc.Techniques;Feminin;172
2021/2022;9;Jendouba;3ème année secondaire Sc.Informatique;Feminin;71
2021/2022;9;Jendouba;3ème année secondaire Economie et Gestion;Feminin;685
2021/2022;9;Jendouba;3ème année secondaire Sport ;Feminin;9
2021/2022;9;Jendouba;4ème année secondaire Lettres;Feminin;785
2021/2022;9;Jendouba;4ème année secondaire Mathématiques;Feminin;105
2021/2022;9;Jendouba;4ème année secondaire Sc. Expérimentales;Feminin;663
2021/2022;9;Jendouba;4ème année secondaire Sc.Techniques;Feminin;257
2021/2022;9;Jendouba;4ème année secondaire Sc.Informatique;Feminin;132
2021/2022;9;Jendouba;4ème année secondaire Economie et Gestion;Feminin;970
2021/2022;9;Jendouba;4ème année secondaire Sport ;Feminin;26
2021/2022;10;Siliana;7ème année de base;Feminin;2049
2021/2022;10;Siliana;8ème année de base;Feminin;1744
2021/2022;10;Siliana;9ème année de base;Feminin;1672
2021/2022;10;Siliana;1ère année secondaire Tronc commun;Feminin;1654
2021/2022;10;Siliana;1ère année secondaire Sport;Feminin;11
2021/2022;10;Siliana;2ème année secondaire Lettres;Feminin;402
2021/2022;10;Siliana;2ème année secondaire Sciences;Feminin;459
2021/2022;10;Siliana;2ème année secondaire Technologie informatique;Feminin;47
2021/2022;10;Siliana;2ème année secondaire Economie et services;Feminin;309
2021/2022;10;Siliana;2ème année secondaire Sport;Feminin;12
2021/2022;10;Siliana;3ème année secondaire Lettres;Feminin;438
2021/2022;10;Siliana;3ème année secondaire Mathématiques;Feminin;77
2021/2022;10;Siliana;3ème année secondaire Sc. Expérimentales;Feminin;237
2021/2022;10;Siliana;3ème année secondaire Sc.Techniques;Feminin;96
2021/2022;10;Siliana;3ème année secondaire Sc.Informatique;Feminin;41
2021/2022;10;Siliana;3ème année secondaire Economie et Gestion;Feminin;365
2021/2022;10;Siliana;3ème année secondaire Sport ;Feminin;8
2021/2022;10;Siliana;4ème année secondaire Lettres;Feminin;495
2021/2022;10;Siliana;4ème année secondaire Mathématiques;Feminin;57
2021/2022;10;Siliana;4ème année secondaire Sc. Expérimentales;Feminin;368
2021/2022;10;Siliana;4ème année secondaire Sc.Techniques;Feminin;126
2021/2022;10;Siliana;4ème année secondaire Sc.Informatique;Feminin;56
2021/2022;10;Siliana;4ème année secondaire Economie et Gestion;Feminin;390
2021/2022;10;Siliana;4ème année secondaire Sport ;Feminin;9
2021/2022;11;Le Kef;7ème année de base;Feminin;1810
2021/2022;11;Le Kef;8ème année de base;Feminin;1677
2021/2022;11;Le Kef;9ème année de base;Feminin;1696
2021/2022;11;Le Kef;1ère année secondaire Tronc commun;Feminin;1811
2021/2022;11;Le Kef;1ère année secondaire Sport;Feminin;18
2021/2022;11;Le Kef;2ème année secondaire Lettres;Feminin;511
2021/2022;11;Le Kef;2ème année secondaire Sciences;Feminin;553
2021/2022;11;Le Kef;2ème année secondaire Technologie informatique;Feminin;28
2021/2022;11;Le Kef;2ème année secondaire Economie et services;Feminin;276
2021/2022;11;Le Kef;2ème année secondaire Sport;Feminin;13
2021/2022;11;Le Kef;3ème année secondaire Lettres;Feminin;505
2021/2022;11;Le Kef;3ème année secondaire Mathématiques;Feminin;50
2021/2022;11;Le Kef;3ème année secondaire Sc. Expérimentales;Feminin;333
2021/2022;11;Le Kef;3ème année secondaire Sc.Techniques;Feminin;116
2021/2022;11;Le Kef;3ème année secondaire Sc.Informatique;Feminin;18
2021/2022;11;Le Kef;3ème année secondaire Economie et Gestion;Feminin;342
2021/2022;11;Le Kef;3ème année secondaire Sport ;Feminin;14
2021/2022;11;Le Kef;4ème année secondaire Lettres;Feminin;658
2021/2022;11;Le Kef;4ème année secondaire Mathématiques;Feminin;51
2021/2022;11;Le Kef;4ème année secondaire Sc. Expérimentales;Feminin;491
2021/2022;11;Le Kef;4ème année secondaire Sc.Techniques;Feminin;147
2021/2022;11;Le Kef;4ème année secondaire Sc.Informatique;Feminin;22
2021/2022;11;Le Kef;4ème année secondaire Economie et Gestion;Feminin;400
2021/2022;11;Le Kef;4ème année secondaire Sport ;Feminin;15
2021/2022;12;Kasserine;7ème année de base;Feminin;4309
2021/2022;12;Kasserine;8ème année de base;Feminin;3665
2021/2022;12;Kasserine;9ème année de base;Feminin;3279
2021/2022;12;Kasserine;1ère année secondaire Tronc commun;Feminin;3426
2021/2022;12;Kasserine;1ère année secondaire Sport;Feminin;17
2021/2022;12;Kasserine;2ème année secondaire Lettres;Feminin;836
2021/2022;12;Kasserine;2ème année secondaire Sciences;Feminin;868
2021/2022;12;Kasserine;2ème année secondaire Technologie informatique;Feminin;73
2021/2022;12;Kasserine;2ème année secondaire Economie et services;Feminin;484
2021/2022;12;Kasserine;2ème année secondaire Sport;Feminin;26
2021/2022;12;Kasserine;3ème année secondaire Lettres;Feminin;757
2021/2022;12;Kasserine;3ème année secondaire Mathématiques;Feminin;83
2021/2022;12;Kasserine;3ème année secondaire Sc. Expérimentales;Feminin;608
2021/2022;12;Kasserine;3ème année secondaire Sc.Techniques;Feminin;153
2021/2022;12;Kasserine;3ème année secondaire Sc.Informatique;Feminin;97
2021/2022;12;Kasserine;3ème année secondaire Economie et Gestion;Feminin;547
2021/2022;12;Kasserine;3ème année secondaire Sport ;Feminin;5
2021/2022;12;Kasserine;4ème année secondaire Lettres;Feminin;1002
2021/2022;12;Kasserine;4ème année secondaire Mathématiques;Feminin;89
2021/2022;12;Kasserine;4ème année secondaire Sc. Expérimentales;Feminin;713
2021/2022;12;Kasserine;4ème année secondaire Sc.Techniques;Feminin;147
2021/2022;12;Kasserine;4ème année secondaire Sc.Informatique;Feminin;64
2021/2022;12;Kasserine;4ème année secondaire Economie et Gestion;Feminin;571
2021/2022;12;Kasserine;4ème année secondaire Sport ;Feminin;24
2021/2022;13;Sidi Bouzid;7ème année de base;Feminin;4150
2021/2022;13;Sidi Bouzid;8ème année de base;Feminin;3535
2021/2022;13;Sidi Bouzid;9ème année de base;Feminin;3153
2021/2022;13;Sidi Bouzid;1ère année secondaire Tronc commun;Feminin;3068
2021/2022;13;Sidi Bouzid;1ère année secondaire Sport;Feminin;34
2021/2022;13;Sidi Bouzid;2ème année secondaire Lettres;Feminin;581
2021/2022;13;Sidi Bouzid;2ème année secondaire Sciences;Feminin;896
2021/2022;13;Sidi Bouzid;2ème année secondaire Technologie informatique;Feminin;83
2021/2022;13;Sidi Bouzid;2ème année secondaire Economie et services;Feminin;664
2021/2022;13;Sidi Bouzid;2ème année secondaire Sport;Feminin;29
2021/2022;13;Sidi Bouzid;3ème année secondaire Lettres;Feminin;657
2021/2022;13;Sidi Bouzid;3ème année secondaire Mathématiques;Feminin;62
2021/2022;13;Sidi Bouzid;3ème année secondaire Sc. Expérimentales;Feminin;473
2021/2022;13;Sidi Bouzid;3ème année secondaire Sc.Techniques;Feminin;251
2021/2022;13;Sidi Bouzid;3ème année secondaire Sc.Informatique;Feminin;26
2021/2022;13;Sidi Bouzid;3ème année secondaire Economie et Gestion;Feminin;661
2021/2022;13;Sidi Bouzid;3ème année secondaire Sport ;Feminin;16
2021/2022;13;Sidi Bouzid;4ème année secondaire Lettres;Feminin;766
2021/2022;13;Sidi Bouzid;4ème année secondaire Mathématiques;Feminin;47
2021/2022;13;Sidi Bouzid;4ème année secondaire Sc. Expérimentales;Feminin;503
2021/2022;13;Sidi Bouzid;4ème année secondaire Sc.Techniques;Feminin;285
2021/2022;13;Sidi Bouzid;4ème année secondaire Sc.Informatique;Feminin;40
2021/2022;13;Sidi Bouzid;4ème année secondaire Economie et Gestion;Feminin;699
2021/2022;13;Sidi Bouzid;4ème année secondaire Sport ;Feminin;35
2021/2022;14;Gafsa;7ème année de base;Feminin;3232
2021/2022;14;Gafsa;8ème année de base;Feminin;2807
2021/2022;14;Gafsa;9ème année de base;Feminin;2523
2021/2022;14;Gafsa;1ère année secondaire Tronc commun;Feminin;2603
2021/2022;14;Gafsa;1ère année secondaire Sport;Feminin;43
2021/2022;14;Gafsa;2ème année secondaire Lettres;Feminin;616
2021/2022;14;Gafsa;2ème année secondaire Sciences;Feminin;920
2021/2022;14;Gafsa;2ème année secondaire Technologie informatique;Feminin;200
2021/2022;14;Gafsa;2ème année secondaire Economie et services;Feminin;358
2021/2022;14;Gafsa;2ème année secondaire Sport;Feminin;25
2021/2022;14;Gafsa;3ème année secondaire Lettres;Feminin;615
2021/2022;14;Gafsa;3ème année secondaire Mathématiques;Feminin;96
2021/2022;14;Gafsa;3ème année secondaire Sc. Expérimentales;Feminin;603
2021/2022;14;Gafsa;3ème année secondaire Sc.Techniques;Feminin;165
2021/2022;14;Gafsa;3ème année secondaire Sc.Informatique;Feminin;95
2021/2022;14;Gafsa;3ème année secondaire Economie et Gestion;Feminin;347
2021/2022;14;Gafsa;3ème année secondaire Sport ;Feminin;30
2021/2022;14;Gafsa;4ème année secondaire Lettres;Feminin;769
2021/2022;14;Gafsa;4ème année secondaire Mathématiques;Feminin;104
2021/2022;14;Gafsa;4ème année secondaire Sc. Expérimentales;Feminin;789
2021/2022;14;Gafsa;4ème année secondaire Sc.Techniques;Feminin;195
2021/2022;14;Gafsa;4ème année secondaire Sc.Informatique;Feminin;138
2021/2022;14;Gafsa;4ème année secondaire Economie et Gestion;Feminin;427
2021/2022;14;Gafsa;4ème année secondaire Sport ;Feminin;47
2021/2022;15;Tozeur;7ème année de base;Feminin;1090
2021/2022;15;Tozeur;8ème année de base;Feminin;922
2021/2022;15;Tozeur;9ème année de base;Feminin;912
2021/2022;15;Tozeur;1ère année secondaire Tronc commun;Feminin;949
2021/2022;15;Tozeur;1ère année secondaire Sport;Feminin;18
2021/2022;15;Tozeur;2ème année secondaire Lettres;Feminin;100
2021/2022;15;Tozeur;2ème année secondaire Sciences;Feminin;322
2021/2022;15;Tozeur;2ème année secondaire Technologie informatique;Feminin;43
2021/2022;15;Tozeur;2ème année secondaire Economie et services;Feminin;170
2021/2022;15;Tozeur;2ème année secondaire Sport;Feminin;8
2021/2022;15;Tozeur;3ème année secondaire Lettres;Feminin;155
2021/2022;15;Tozeur;3ème année secondaire Mathématiques;Feminin;27
2021/2022;15;Tozeur;3ème année secondaire Sc. Expérimentales;Feminin;142
2021/2022;15;Tozeur;3ème année secondaire Sc.Techniques;Feminin;72
2021/2022;15;Tozeur;3ème année secondaire Sc.Informatique;Feminin;21
2021/2022;15;Tozeur;3ème année secondaire Economie et Gestion;Feminin;239
2021/2022;15;Tozeur;3ème année secondaire Sport ;Feminin;4
2021/2022;15;Tozeur;4ème année secondaire Lettres;Feminin;194
2021/2022;15;Tozeur;4ème année secondaire Mathématiques;Feminin;54
2021/2022;15;Tozeur;4ème année secondaire Sc. Expérimentales;Feminin;240
2021/2022;15;Tozeur;4ème année secondaire Sc.Techniques;Feminin;121
2021/2022;15;Tozeur;4ème année secondaire Sc.Informatique;Feminin;28
2021/2022;15;Tozeur;4ème année secondaire Economie et Gestion;Feminin;209
2021/2022;15;Tozeur;4ème année secondaire Sport ;Feminin;23
2021/2022;16;Kébili;7ème année de base;Feminin;1678
2021/2022;16;Kébili;8ème année de base;Feminin;1420
2021/2022;16;Kébili;9ème année de base;Feminin;1337
2021/2022;16;Kébili;1ère année secondaire Tronc commun;Feminin;1324
2021/2022;16;Kébili;1ère année secondaire Sport;Feminin;28
2021/2022;16;Kébili;2ème année secondaire Lettres;Feminin;184
2021/2022;16;Kébili;2ème année secondaire Sciences;Feminin;409
2021/2022;16;Kébili;2ème année secondaire Technologie informatique;Feminin;70
2021/2022;16;Kébili;2ème année secondaire Economie et services;Feminin;249
2021/2022;16;Kébili;2ème année secondaire Sport;Feminin;15
2021/2022;16;Kébili;3ème année secondaire Lettres;Feminin;156
2021/2022;16;Kébili;3ème année secondaire Mathématiques;Feminin;37
2021/2022;16;Kébili;3ème année secondaire Sc. Expérimentales;Feminin;285
2021/2022;16;Kébili;3ème année secondaire Sc.Techniques;Feminin;123
2021/2022;16;Kébili;3ème année secondaire Sc.Informatique;Feminin;37
2021/2022;16;Kébili;3ème année secondaire Economie et Gestion;Feminin;334
2021/2022;16;Kébili;3ème année secondaire Sport ;Feminin;13
2021/2022;16;Kébili;4ème année secondaire Lettres;Feminin;287
2021/2022;16;Kébili;4ème année secondaire Mathématiques;Feminin;40
2021/2022;16;Kébili;4ème année secondaire Sc. Expérimentales;Feminin;330
2021/2022;16;Kébili;4ème année secondaire Sc.Techniques;Feminin;153
2021/2022;16;Kébili;4ème année secondaire Sc.Informatique;Feminin;26
2021/2022;16;Kébili;4ème année secondaire Economie et Gestion;Feminin;405
2021/2022;16;Kébili;4ème année secondaire Sport ;Feminin;24
2021/2022;17;Tataouine;7ème année de base;Feminin;1490
2021/2022;17;Tataouine;8ème année de base;Feminin;1214
2021/2022;17;Tataouine;9ème année de base;Feminin;1129
2021/2022;17;Tataouine;1ère année secondaire Tronc commun;Feminin;1139
2021/2022;17;Tataouine;1ère année secondaire Sport;Feminin;1
2021/2022;17;Tataouine;2ème année secondaire Lettres;Feminin;184
2021/2022;17;Tataouine;2ème année secondaire Sciences;Feminin;303
2021/2022;17;Tataouine;2ème année secondaire Technologie informatique;Feminin;49
2021/2022;17;Tataouine;2ème année secondaire Economie et services;Feminin;260
2021/2022;17;Tataouine;2ème année secondaire Sport;Feminin;0
2021/2022;17;Tataouine;3ème année secondaire Lettres;Feminin;146
2021/2022;17;Tataouine;3ème année secondaire Mathématiques;Feminin;7
2021/2022;17;Tataouine;3ème année secondaire Sc. Expérimentales;Feminin;211
2021/2022;17;Tataouine;3ème année secondaire Sc.Techniques;Feminin;60
2021/2022;17;Tataouine;3ème année secondaire Sc.Informatique;Feminin;20
2021/2022;17;Tataouine;3ème année secondaire Economie et Gestion;Feminin;356
2021/2022;17;Tataouine;3ème année secondaire Sport ;Feminin;0
2021/2022;17;Tataouine;4ème année secondaire Lettres;Feminin;245
2021/2022;17;Tataouine;4ème année secondaire Mathématiques;Feminin;32
2021/2022;17;Tataouine;4ème année secondaire Sc. Expérimentales;Feminin;312
2021/2022;17;Tataouine;4ème année secondaire Sc.Techniques;Feminin;78
2021/2022;17;Tataouine;4ème année secondaire Sc.Informatique;Feminin;25
2021/2022;17;Tataouine;4ème année secondaire Economie et Gestion;Feminin;281
2021/2022;17;Tataouine;4ème année secondaire Sport ;Feminin;0
2021/2022;18;Médenine;7ème année de base;Feminin;5108
2021/2022;18;Médenine;8ème année de base;Feminin;4223
2021/2022;18;Médenine;9ème année de base;Feminin;3756
2021/2022;18;Médenine;1ère année secondaire Tronc commun;Feminin;3931
2021/2022;18;Médenine;1ère année secondaire Sport;Feminin;12
2021/2022;18;Médenine;2ème année secondaire Lettres;Feminin;472
2021/2022;18;Médenine;2ème année secondaire Sciences;Feminin;1174
2021/2022;18;Médenine;2ème année secondaire Technologie informatique;Feminin;226
2021/2022;18;Médenine;2ème année secondaire Economie et services;Feminin;875
2021/2022;18;Médenine;2ème année secondaire Sport;Feminin;15
2021/2022;18;Médenine;3ème année secondaire Lettres;Feminin;521
2021/2022;18;Médenine;3ème année secondaire Mathématiques;Feminin;141
2021/2022;18;Médenine;3ème année secondaire Sc. Expérimentales;Feminin;693
2021/2022;18;Médenine;3ème année secondaire Sc.Techniques;Feminin;182
2021/2022;18;Médenine;3ème année secondaire Sc.Informatique;Feminin;134
2021/2022;18;Médenine;3ème année secondaire Economie et Gestion;Feminin;1026
2021/2022;18;Médenine;3ème année secondaire Sport ;Feminin;12
2021/2022;18;Médenine;4ème année secondaire Lettres;Feminin;589
2021/2022;18;Médenine;4ème année secondaire Mathématiques;Feminin;167
2021/2022;18;Médenine;4ème année secondaire Sc. Expérimentales;Feminin;775
2021/2022;18;Médenine;4ème année secondaire Sc.Techniques;Feminin;194
2021/2022;18;Médenine;4ème année secondaire Sc.Informatique;Feminin;140
2021/2022;18;Médenine;4ème année secondaire Economie et Gestion;Feminin;880
2021/2022;18;Médenine;4ème année secondaire Sport ;Feminin;15
2021/2022;19;Gabès;7ème année de base;Feminin;3657
2021/2022;19;Gabès;8ème année de base;Feminin;3142
2021/2022;19;Gabès;9ème année de base;Feminin;2799
2021/2022;19;Gabès;1ère année secondaire Tronc commun;Feminin;2848
2021/2022;19;Gabès;1ère année secondaire Sport;Feminin;20
2021/2022;19;Gabès;2ème année secondaire Lettres;Feminin;399
2021/2022;19;Gabès;2ème année secondaire Sciences;Feminin;901
2021/2022;19;Gabès;2ème année secondaire Technologie informatique;Feminin;119
2021/2022;19;Gabès;2ème année secondaire Economie et services;Feminin;621
2021/2022;19;Gabès;2ème année secondaire Sport;Feminin;26
2021/2022;19;Gabès;3ème année secondaire Lettres;Feminin;450
2021/2022;19;Gabès;3ème année secondaire Mathématiques;Feminin;117
2021/2022;19;Gabès;3ème année secondaire Sc. Expérimentales;Feminin;545
2021/2022;19;Gabès;3ème année secondaire Sc.Techniques;Feminin;159
2021/2022;19;Gabès;3ème année secondaire Sc.Informatique;Feminin;53
2021/2022;19;Gabès;3ème année secondaire Economie et Gestion;Feminin;807
2021/2022;19;Gabès;3ème année secondaire Sport ;Feminin;8
2021/2022;19;Gabès;4ème année secondaire Lettres;Feminin;511
2021/2022;19;Gabès;4ème année secondaire Mathématiques;Feminin;162
2021/2022;19;Gabès;4ème année secondaire Sc. Expérimentales;Feminin;654
2021/2022;19;Gabès;4ème année secondaire Sc.Techniques;Feminin;183
2021/2022;19;Gabès;4ème année secondaire Sc.Informatique;Feminin;86
2021/2022;19;Gabès;4ème année secondaire Economie et Gestion;Feminin;754
2021/2022;19;Gabès;4ème année secondaire Sport ;Feminin;20
2021/2022;20;Sfax 1;7ème année de base;Feminin;4792
2021/2022;20;Sfax 1;8ème année de base;Feminin;3966
2021/2022;20;Sfax 1;9ème année de base;Feminin;3707
2021/2022;20;Sfax 1;1ère année secondaire Tronc commun;Feminin;3949
2021/2022;20;Sfax 1;1ère année secondaire Sport;Feminin;52
2021/2022;20;Sfax 1;2ème année secondaire Lettres;Feminin;333
2021/2022;20;Sfax 1;2ème année secondaire Sciences;Feminin;1436
2021/2022;20;Sfax 1;2ème année secondaire Technologie informatique;Feminin;108
2021/2022;20;Sfax 1;2ème année secondaire Economie et services;Feminin;944
2021/2022;20;Sfax 1;2ème année secondaire Sport;Feminin;47
2021/2022;20;Sfax 1;3ème année secondaire Lettres;Feminin;381
2021/2022;20;Sfax 1;3ème année secondaire Mathématiques;Feminin;321
2021/2022;20;Sfax 1;3ème année secondaire Sc. Expérimentales;Feminin;773
2021/2022;20;Sfax 1;3ème année secondaire Sc.Techniques;Feminin;249
2021/2022;20;Sfax 1;3ème année secondaire Sc.Informatique;Feminin;39
2021/2022;20;Sfax 1;3ème année secondaire Economie et Gestion;Feminin;1125
2021/2022;20;Sfax 1;3ème année secondaire Sport ;Feminin;37
2021/2022;20;Sfax 1;4ème année secondaire Lettres;Feminin;480
2021/2022;20;Sfax 1;4ème année secondaire Mathématiques;Feminin;359
2021/2022;20;Sfax 1;4ème année secondaire Sc. Expérimentales;Feminin;825
2021/2022;20;Sfax 1;4ème année secondaire Sc.Techniques;Feminin;242
2021/2022;20;Sfax 1;4ème année secondaire Sc.Informatique;Feminin;32
2021/2022;20;Sfax 1;4ème année secondaire Economie et Gestion;Feminin;1125
2021/2022;20;Sfax 1;4ème année secondaire Sport ;Feminin;57
2021/2022;21;Sfax 2;7ème année de base;Feminin;4655
2021/2022;21;Sfax 2;8ème année de base;Feminin;3861
2021/2022;21;Sfax 2;9ème année de base;Feminin;3500
2021/2022;21;Sfax 2;1ère année secondaire Tronc commun;Feminin;3162
2021/2022;21;Sfax 2;1ère année secondaire Sport;Feminin;0
2021/2022;21;Sfax 2;2ème année secondaire Lettres;Feminin;271
2021/2022;21;Sfax 2;2ème année secondaire Sciences;Feminin;1034
2021/2022;21;Sfax 2;2ème année secondaire Technologie informatique;Feminin;66
2021/2022;21;Sfax 2;2ème année secondaire Economie et services;Feminin;722
2021/2022;21;Sfax 2;2ème année secondaire Sport;Feminin;0
2021/2022;21;Sfax 2;3ème année secondaire Lettres;Feminin;307
2021/2022;21;Sfax 2;3ème année secondaire Mathématiques;Feminin;228
2021/2022;21;Sfax 2;3ème année secondaire Sc. Expérimentales;Feminin;552
2021/2022;21;Sfax 2;3ème année secondaire Sc.Techniques;Feminin;158
2021/2022;21;Sfax 2;3ème année secondaire Sc.Informatique;Feminin;21
2021/2022;21;Sfax 2;3ème année secondaire Economie et Gestion;Feminin;861
2021/2022;21;Sfax 2;3ème année secondaire Sport ;Feminin;0
2021/2022;21;Sfax 2;4ème année secondaire Lettres;Feminin;347
2021/2022;21;Sfax 2;4ème année secondaire Mathématiques;Feminin;199
2021/2022;21;Sfax 2;4ème année secondaire Sc. Expérimentales;Feminin;645
2021/2022;21;Sfax 2;4ème année secondaire Sc.Techniques;Feminin;135
2021/2022;21;Sfax 2;4ème année secondaire Sc.Informatique;Feminin;36
2021/2022;21;Sfax 2;4ème année secondaire Economie et Gestion;Feminin;777
2021/2022;21;Sfax 2;4ème année secondaire Sport ;Feminin;0
2021/2022;22;Mahdia;7ème année de base;Feminin;4462
2021/2022;22;Mahdia;8ème année de base;Feminin;3518
2021/2022;22;Mahdia;9ème année de base;Feminin;3195
2021/2022;22;Mahdia;1ère année secondaire Tronc commun;Feminin;3442
2021/2022;22;Mahdia;1ère année secondaire Sport;Feminin;37
2021/2022;22;Mahdia;2ème année secondaire Lettres;Feminin;441
2021/2022;22;Mahdia;2ème année secondaire Sciences;Feminin;915
2021/2022;22;Mahdia;2ème année secondaire Technologie informatique;Feminin;91
2021/2022;22;Mahdia;2ème année secondaire Economie et services;Feminin;607
2021/2022;22;Mahdia;2ème année secondaire Sport;Feminin;31
2021/2022;22;Mahdia;3ème année secondaire Lettres;Feminin;486
2021/2022;22;Mahdia;3ème année secondaire Mathématiques;Feminin;146
2021/2022;22;Mahdia;3ème année secondaire Sc. Expérimentales;Feminin;378
2021/2022;22;Mahdia;3ème année secondaire Sc.Techniques;Feminin;187
2021/2022;22;Mahdia;3ème année secondaire Sc.Informatique;Feminin;51
2021/2022;22;Mahdia;3ème année secondaire Economie et Gestion;Feminin;802
2021/2022;22;Mahdia;3ème année secondaire Sport ;Feminin;34
2021/2022;22;Mahdia;4ème année secondaire Lettres;Feminin;538
2021/2022;22;Mahdia;4ème année secondaire Mathématiques;Feminin;147
2021/2022;22;Mahdia;4ème année secondaire Sc. Expérimentales;Feminin;463
2021/2022;22;Mahdia;4ème année secondaire Sc.Techniques;Feminin;228
2021/2022;22;Mahdia;4ème année secondaire Sc.Informatique;Feminin;53
2021/2022;22;Mahdia;4ème année secondaire Economie et Gestion;Feminin;703
2021/2022;22;Mahdia;4ème année secondaire Sport ;Feminin;26
2021/2022;23;Kairouan;7ème année de base;Feminin;5491
2021/2022;23;Kairouan;8ème année de base;Feminin;4415
2021/2022;23;Kairouan;9ème année de base;Feminin;3796
2021/2022;23;Kairouan;1ère année secondaire Tronc commun;Feminin;3851
2021/2022;23;Kairouan;1ère année secondaire Sport;Feminin;25
2021/2022;23;Kairouan;2ème année secondaire Lettres;Feminin;621
2021/2022;23;Kairouan;2ème année secondaire Sciences;Feminin;1105
2021/2022;23;Kairouan;2ème année secondaire Technologie informatique;Feminin;133
2021/2022;23;Kairouan;2ème année secondaire Economie et services;Feminin;940
2021/2022;23;Kairouan;2ème année secondaire Sport;Feminin;25
2021/2022;23;Kairouan;3ème année secondaire Lettres;Feminin;630
2021/2022;23;Kairouan;3ème année secondaire Mathématiques;Feminin;134
2021/2022;23;Kairouan;3ème année secondaire Sc. Expérimentales;Feminin;571
2021/2022;23;Kairouan;3ème année secondaire Sc.Techniques;Feminin;230
2021/2022;23;Kairouan;3ème année secondaire Sc.Informatique;Feminin;78
2021/2022;23;Kairouan;3ème année secondaire Economie et Gestion;Feminin;1055
2021/2022;23;Kairouan;3ème année secondaire Sport ;Feminin;24
2021/2022;23;Kairouan;4ème année secondaire Lettres;Feminin;917
2021/2022;23;Kairouan;4ème année secondaire Mathématiques;Feminin;203
2021/2022;23;Kairouan;4ème année secondaire Sc. Expérimentales;Feminin;720
2021/2022;23;Kairouan;4ème année secondaire Sc.Techniques;Feminin;304
2021/2022;23;Kairouan;4ème année secondaire Sc.Informatique;Feminin;73
2021/2022;23;Kairouan;4ème année secondaire Economie et Gestion;Feminin;1165
2021/2022;23;Kairouan;4ème année secondaire Sport ;Feminin;33
2021/2022;24;Monastir;7ème année de base;Feminin;5747
2021/2022;24;Monastir;8ème année de base;Feminin;5020
2021/2022;24;Monastir;9ème année de base;Feminin;4417
2021/2022;24;Monastir;1ère année secondaire Tronc commun;Feminin;4891
2021/2022;24;Monastir;1ère année secondaire Sport;Feminin;59
2021/2022;24;Monastir;2ème année secondaire Lettres;Feminin;466
2021/2022;24;Monastir;2ème année secondaire Sciences;Feminin;1565
2021/2022;24;Monastir;2ème année secondaire Technologie informatique;Feminin;312
2021/2022;24;Monastir;2ème année secondaire Economie et services;Feminin;1022
2021/2022;24;Monastir;2ème année secondaire Sport;Feminin;56
2021/2022;24;Monastir;3ème année secondaire Lettres;Feminin;458
2021/2022;24;Monastir;3ème année secondaire Mathématiques;Feminin;395
2021/2022;24;Monastir;3ème année secondaire Sc. Expérimentales;Feminin;776
2021/2022;24;Monastir;3ème année secondaire Sc.Techniques;Feminin;381
2021/2022;24;Monastir;3ème année secondaire Sc.Informatique;Feminin;175
2021/2022;24;Monastir;3ème année secondaire Economie et Gestion;Feminin;1275
2021/2022;24;Monastir;3ème année secondaire Sport ;Feminin;46
2021/2022;24;Monastir;4ème année secondaire Lettres;Feminin;555
2021/2022;24;Monastir;4ème année secondaire Mathématiques;Feminin;343
2021/2022;24;Monastir;4ème année secondaire Sc. Expérimentales;Feminin;880
2021/2022;24;Monastir;4ème année secondaire Sc.Techniques;Feminin;443
2021/2022;24;Monastir;4ème année secondaire Sc.Informatique;Feminin;137
2021/2022;24;Monastir;4ème année secondaire Economie et Gestion;Feminin;1332
2021/2022;24;Monastir;4ème année secondaire Sport ;Feminin;49
2021/2022;25;Sousse;7ème année de base;Feminin;6569
2021/2022;25;Sousse;8ème année de base;Feminin;5685
2021/2022;25;Sousse;9ème année de base;Feminin;4900
2021/2022;25;Sousse;1ère année secondaire Tronc commun;Feminin;5133
2021/2022;25;Sousse;1ère année secondaire Sport;Feminin;67
2021/2022;25;Sousse;2ème année secondaire Lettres;Feminin;798
2021/2022;25;Sousse;2ème année secondaire Sciences;Feminin;1721
2021/2022;25;Sousse;2ème année secondaire Technologie informatique;Feminin;174
2021/2022;25;Sousse;2ème année secondaire Economie et services;Feminin;1099
2021/2022;25;Sousse;2ème année secondaire Sport;Feminin;48
2021/2022;25;Sousse;3ème année secondaire Lettres;Feminin;753
2021/2022;25;Sousse;3ème année secondaire Mathématiques;Feminin;344
2021/2022;25;Sousse;3ème année secondaire Sc. Expérimentales;Feminin;783
2021/2022;25;Sousse;3ème année secondaire Sc.Techniques;Feminin;430
2021/2022;25;Sousse;3ème année secondaire Sc.Informatique;Feminin;64
2021/2022;25;Sousse;3ème année secondaire Economie et Gestion;Feminin;1338
2021/2022;25;Sousse;3ème année secondaire Sport ;Feminin;61
2021/2022;25;Sousse;4ème année secondaire Lettres;Feminin;880
2021/2022;25;Sousse;4ème année secondaire Mathématiques;Feminin;276
2021/2022;25;Sousse;4ème année secondaire Sc. Expérimentales;Feminin;964
2021/2022;25;Sousse;4ème année secondaire Sc.Techniques;Feminin;474
2021/2022;25;Sousse;4ème année secondaire Sc.Informatique;Feminin;51
2021/2022;25;Sousse;4ème année secondaire Economie et Gestion;Feminin;1277
2021/2022;25;Sousse;4ème année secondaire Sport ;Feminin;54
2021/2022;26;Nabeul;7ème année de base;Feminin;7866
2021/2022;26;Nabeul;8ème année de base;Feminin;6630
2021/2022;26;Nabeul;9ème année de base;Feminin;5856
2021/2022;26;Nabeul;1ère année secondaire Tronc commun;Feminin;5871
2021/2022;26;Nabeul;1ère année secondaire Sport;Feminin;9
2021/2022;26;Nabeul;2ème année secondaire Lettres;Feminin;867
2021/2022;26;Nabeul;2ème année secondaire Sciences;Feminin;1818
2021/2022;26;Nabeul;2ème année secondaire Technologie informatique;Feminin;446
2021/2022;26;Nabeul;2ème année secondaire Economie et services;Feminin;1154
2021/2022;26;Nabeul;2ème année secondaire Sport;Feminin;32
2021/2022;26;Nabeul;3ème année secondaire Lettres;Feminin;824
2021/2022;26;Nabeul;3ème année secondaire Mathématiques;Feminin;347
2021/2022;26;Nabeul;3ème année secondaire Sc. Expérimentales;Feminin;826
2021/2022;26;Nabeul;3ème année secondaire Sc.Techniques;Feminin;298
2021/2022;26;Nabeul;3ème année secondaire Sc.Informatique;Feminin;319
2021/2022;26;Nabeul;3ème année secondaire Economie et Gestion;Feminin;1446
2021/2022;26;Nabeul;3ème année secondaire Sport ;Feminin;14
2021/2022;26;Nabeul;4ème année secondaire Lettres;Feminin;990
2021/2022;26;Nabeul;4ème année secondaire Mathématiques;Feminin;350
2021/2022;26;Nabeul;4ème année secondaire Sc. Expérimentales;Feminin;1054
2021/2022;26;Nabeul;4ème année secondaire Sc.Techniques;Feminin;376
2021/2022;26;Nabeul;4ème année secondaire Sc.Informatique;Feminin;253
2021/2022;26;Nabeul;4ème année secondaire Economie et Gestion;Feminin;1605
2021/2022;26;Nabeul;4ème année secondaire Sport ;Feminin;17
2021/2022;1;Tunis 1;8ème année technique;Masculin;158
2021/2022;1;Tunis 1;9ème année technique;Masculin;101
2021/2022;2;Tunis 2;8ème année technique;Masculin;38
2021/2022;2;Tunis 2;9ème année technique;Masculin;47
2021/2022;3;Ariana;8ème année technique;Masculin;147
2021/2022;3;Ariana;9ème année technique;Masculin;106
2021/2022;4;Mannouba;8ème année technique;Masculin;199
2021/2022;4;Mannouba;9ème année technique;Masculin;103
2021/2022;5;Ben Arous;8ème année technique;Masculin;221
2021/2022;5;Ben Arous;9ème année technique;Masculin;122
2021/2022;6;Zaghouan;8ème année technique;Masculin;65
2021/2022;6;Zaghouan;9ème année technique;Masculin;46
2021/2022;7;Bizerte;8ème année technique;Masculin;287
2021/2022;7;Bizerte;9ème année technique;Masculin;264
2021/2022;8;Béja;8ème année technique;Masculin;211
2021/2022;8;Béja;9ème année technique;Masculin;129
2021/2022;9;Jendouba;8ème année technique;Masculin;37
2021/2022;9;Jendouba;9ème année technique;Masculin;21
2021/2022;10;Siliana;8ème année technique;Masculin;78
2021/2022;10;Siliana;9ème année technique;Masculin;69
2021/2022;11;Le Kef;8ème année technique;Masculin;44
2021/2022;11;Le Kef;9ème année technique;Masculin;28
2021/2022;12;Kasserine;8ème année technique;Masculin;47
2021/2022;12;Kasserine;9ème année technique;Masculin;30
2021/2022;13;Sidi Bouzid;8ème année technique;Masculin;115
2021/2022;13;Sidi Bouzid;9ème année technique;Masculin;62
2021/2022;14;Gafsa;8ème année technique;Masculin;111
2021/2022;14;Gafsa;9ème année technique;Masculin;73
2021/2022;15;Tozeur;8ème année technique;Masculin;43
2021/2022;15;Tozeur;9ème année technique;Masculin;51
2021/2022;16;Kébili;8ème année technique;Masculin;161
2021/2022;16;Kébili;9ème année technique;Masculin;112
2021/2022;17;Tataouine;8ème année technique;Masculin;65
2021/2022;17;Tataouine;9ème année technique;Masculin;37
2021/2022;18;Médenine;8ème année technique;Masculin;245
2021/2022;18;Médenine;9ème année technique;Masculin;132
2021/2022;19;Gabès;8ème année technique;Masculin;295
2021/2022;19;Gabès;9ème année technique;Masculin;195
2021/2022;20;Sfax 1;8ème année technique;Masculin;234
2021/2022;20;Sfax 1;9ème année technique;Masculin;186
2021/2022;21;Sfax 2;8ème année technique;Masculin;81
2021/2022;21;Sfax 2;9ème année technique;Masculin;52
2021/2022;22;Mahdia;8ème année technique;Masculin;359
2021/2022;22;Mahdia;9ème année technique;Masculin;151
2021/2022;23;Kairouan;8ème année technique;Masculin;334
2021/2022;23;Kairouan;9ème année technique;Masculin;155
2021/2022;24;Monastir;8ème année technique;Masculin;231
2021/2022;24;Monastir;9ème année technique;Masculin;237
2021/2022;25;Sousse;8ème année technique;Masculin;565
2021/2022;25;Sousse;9ème année technique;Masculin;302
2021/2022;26;Nabeul;8ème année technique;Masculin;457
2021/2022;26;Nabeul;9ème année technique;Masculin;266
2021/2022;1;Tunis 1;8ème année technique;Feminin;31
2021/2022;1;Tunis 1;9ème année technique;Feminin;33
2021/2022;2;Tunis 2;8ème année technique;Feminin;12
2021/2022;2;Tunis 2;9ème année technique;Feminin;10
2021/2022;3;Ariana;8ème année technique;Feminin;16
2021/2022;3;Ariana;9ème année technique;Feminin;22
2021/2022;4;Mannouba;8ème année technique;Feminin;39
2021/2022;4;Mannouba;9ème année technique;Feminin;17
2021/2022;5;Ben Arous;8ème année technique;Feminin;33
2021/2022;5;Ben Arous;9ème année technique;Feminin;32
2021/2022;6;Zaghouan;8ème année technique;Feminin;7
2021/2022;6;Zaghouan;9ème année technique;Feminin;0
2021/2022;7;Bizerte;8ème année technique;Feminin;58
2021/2022;7;Bizerte;9ème année technique;Feminin;43
2021/2022;8;Béja;8ème année technique;Feminin;42
2021/2022;8;Béja;9ème année technique;Feminin;37
2021/2022;9;Jendouba;8ème année technique;Feminin;7
2021/2022;9;Jendouba;9ème année technique;Feminin;3
2021/2022;10;Siliana;8ème année technique;Feminin;12
2021/2022;10;Siliana;9ème année technique;Feminin;4
2021/2022;11;Le Kef;8ème année technique;Feminin;6
2021/2022;11;Le Kef;9ème année technique;Feminin;5
2021/2022;12;Kasserine;8ème année technique;Feminin;14
2021/2022;12;Kasserine;9ème année technique;Feminin;3
2021/2022;13;Sidi Bouzid;8ème année technique;Feminin;24
2021/2022;13;Sidi Bouzid;9ème année technique;Feminin;19
2021/2022;14;Gafsa;8ème année technique;Feminin;24
2021/2022;14;Gafsa;9ème année technique;Feminin;9
2021/2022;15;Tozeur;8ème année technique;Feminin;5
2021/2022;15;Tozeur;9ème année technique;Feminin;1
2021/2022;16;Kébili;8ème année technique;Feminin;21
2021/2022;16;Kébili;9ème année technique;Feminin;16
2021/2022;17;Tataouine;8ème année technique;Feminin;19
2021/2022;17;Tataouine;9ème année technique;Feminin;13
2021/2022;18;Médenine;8ème année technique;Feminin;45
2021/2022;18;Médenine;9ème année technique;Feminin;23
2021/2022;19;Gabès;8ème année technique;Feminin;41
2021/2022;19;Gabès;9ème année technique;Feminin;45
2021/2022;20;Sfax 1;8ème année technique;Feminin;55
2021/2022;20;Sfax 1;9ème année technique;Feminin;48
2021/2022;21;Sfax 2;8ème année technique;Feminin;16
2021/2022;21;Sfax 2;9ème année technique;Feminin;12
2021/2022;22;Mahdia;8ème année technique;Feminin;30
2021/2022;22;Mahdia;9ème année technique;Feminin;29
2021/2022;23;Kairouan;8ème année technique;Feminin;45
2021/2022;23;Kairouan;9ème année technique;Feminin;23
2021/2022;24;Monastir;8ème année technique;Feminin;20
2021/2022;24;Monastir;9ème année technique;Feminin;25
2021/2022;25;Sousse;8ème année technique;Feminin;122
2021/2022;25;Sousse;9ème année technique;Feminin;61
2021/2022;26;Nabeul;8ème année technique;Feminin;70
2021/2022;26;Nabeul;9ème année technique;Feminin;55
